timestamp,method,dataset,missing_rate,trial,seed,n_neighbors,accuracy,tuning_time_sec,train_time_sec,predict_time_sec,total_time_sec
2026-07-13T23:36:23,KNN-IC,Parkinson2clc,0.1,0,0,2,0.8974358974358975,0.1123830410069786,0.007939125003758818,0.022630666993791237,0.14295700000366196
2026-07-13T23:36:23,KNN-Direct,Parkinson2clc,0.1,0,0,1,0.9487179487179487,0.1364366250054445,0.0,0.04122625000309199,0.17766595800640061
2026-07-13T23:36:24,KNN-Direct-Weighted,Parkinson2clc,0.1,0,0,1,0.9487179487179487,0.1694628749974072,0.0,0.05452212499221787,0.2239886250172276
2026-07-13T23:36:24,KNN-IC,Parkinson2clc,0.1,1,1,1,0.8717948717948718,0.1153678749979008,0.012033916980726644,0.022027333005098626,0.14943337498698384
2026-07-13T23:36:24,KNN-Direct,Parkinson2clc,0.1,1,1,5,0.9230769230769231,0.14394158302457072,0.0,0.0419435829971917,0.18588870798703283
2026-07-13T23:36:24,KNN-Direct-Weighted,Parkinson2clc,0.1,1,1,1,0.9487179487179487,0.16907824997906573,0.0,0.05124933400657028,0.2203308749885764
2026-07-13T23:36:24,KNN-IC,Parkinson2clc,0.1,2,2,4,0.7692307692307693,0.1109439590072725,0.008646625006804243,0.021562207984970883,0.14115574999595992
2026-07-13T23:36:25,KNN-Direct,Parkinson2clc,0.1,2,2,1,0.8461538461538461,0.13578645899542607,0.0,0.0414224170090165,0.17721179200452752
2026-07-13T23:36:25,KNN-Direct-Weighted,Parkinson2clc,0.1,2,2,3,0.8461538461538461,0.17277337500127032,0.0,0.05315266700927168,0.2259291249793023
2026-07-13T23:36:25,KNN-IC,Parkinson2clc,0.1,3,3,1,0.8974358974358975,0.11215954201179557,0.008025666989851743,0.02120120800100267,0.14138966597965918
2026-07-13T23:36:25,KNN-Direct,Parkinson2clc,0.1,3,3,3,0.8717948717948718,0.1362592919904273,0.0,0.042296750005334616,0.17855849998886697
2026-07-13T23:36:25,KNN-Direct-Weighted,Parkinson2clc,0.1,3,3,1,0.8717948717948718,0.16968995798379183,0.0,0.05169837499852292,0.22139175000484101
2026-07-13T23:36:25,KNN-IC,Parkinson2clc,0.1,4,4,1,0.9230769230769231,0.11010129199712537,0.008017999993171543,0.021719625015975907,0.13984233301016502
2026-07-13T23:36:26,KNN-Direct,Parkinson2clc,0.1,4,4,1,0.8974358974358975,0.14087091700639576,0.0,0.0421453750168439,0.18301912501920015
2026-07-13T23:36:26,KNN-Direct-Weighted,Parkinson2clc,0.1,4,4,1,0.8974358974358975,0.17018466599984095,0.0,0.05215324999880977,0.22234095900785178
2026-07-13T23:36:26,KNN-IC,Parkinson2clc,0.1,5,5,2,0.9487179487179487,0.10880387498764321,0.007763500005239621,0.021476791007444263,0.1380470830190461
2026-07-13T23:36:26,KNN-Direct,Parkinson2clc,0.1,5,5,4,0.9743589743589743,0.13469149998854846,0.0,0.040728374995524064,0.17542291700374335
2026-07-13T23:36:26,KNN-Direct-Weighted,Parkinson2clc,0.1,5,5,1,0.9487179487179487,0.16753920799237676,0.0,0.05070120800519362,0.21824354198179208
2026-07-13T23:36:27,KNN-IC,Parkinson2clc,0.1,6,6,1,0.8974358974358975,0.10956933299894445,0.007930833991849795,0.021133417001692578,0.13863699999637902
2026-07-13T23:36:27,KNN-Direct,Parkinson2clc,0.1,6,6,1,0.7948717948717948,0.1366442089783959,0.0,0.04087825000169687,0.1775251670042053
2026-07-13T23:36:27,KNN-Direct-Weighted,Parkinson2clc,0.1,6,6,1,0.8461538461538461,0.1672047080064658,0.0,0.050626999989617616,0.21783475001575425
2026-07-13T23:36:27,KNN-IC,Parkinson2clc,0.1,7,7,1,0.9743589743589743,0.11090383300324902,0.007760291016893461,0.02102545800153166,0.13969333400018513
2026-07-13T23:36:27,KNN-Direct,Parkinson2clc,0.1,7,7,1,0.9487179487179487,0.1360690409783274,0.0,0.043473790981806815,0.17954570899019018
2026-07-13T23:36:28,KNN-Direct-Weighted,Parkinson2clc,0.1,7,7,1,0.9487179487179487,0.1700376250082627,0.0,0.05136995800421573,0.22141120900050737
2026-07-13T23:36:28,KNN-IC,Parkinson2clc,0.1,8,8,1,0.8717948717948718,0.11078824999276549,0.008015708008315414,0.02120974997524172,0.14001716699567623
2026-07-13T23:36:28,KNN-Direct,Parkinson2clc,0.1,8,8,1,0.8974358974358975,0.13484012498520315,0.0,0.040965332998894155,0.17580837500281632
2026-07-13T23:36:28,KNN-Direct-Weighted,Parkinson2clc,0.1,8,8,1,0.8717948717948718,0.16692862499621697,0.0,0.0508492499939166,0.21778116701170802
2026-07-13T23:36:28,KNN-IC,Parkinson2clc,0.1,9,9,1,0.8461538461538461,0.10978604201227427,0.00767512500169687,0.021058082988020033,0.13852241600397974
2026-07-13T23:36:28,KNN-Direct,Parkinson2clc,0.1,9,9,1,0.9230769230769231,0.13475704198936,0.0,0.04078458301955834,0.175544625002658
2026-07-13T23:36:29,KNN-Direct-Weighted,Parkinson2clc,0.1,9,9,1,0.9230769230769231,0.1680067080014851,0.0,0.05086795799434185,0.21887816599337384
2026-07-13T23:36:29,KNN-IC,Parkinson2clc,0.1,10,10,4,0.9743589743589743,0.11070804201881401,0.008687958004884422,0.02122908300952986,0.14062829202157445
2026-07-13T23:36:29,KNN-Direct,Parkinson2clc,0.1,10,10,5,0.9487179487179487,0.13417933299206197,0.0,0.04071891598869115,0.1749012079962995
2026-07-13T23:36:29,KNN-Direct-Weighted,Parkinson2clc,0.1,10,10,1,0.9743589743589743,0.1667250000173226,0.0,0.05062116601038724,0.21734945802018046
2026-07-13T23:36:29,KNN-IC,Parkinson2clc,0.1,11,11,5,1.0,0.10920108400750905,0.00851120799779892,0.02160570799605921,0.1393218750017695
2026-07-13T23:36:29,KNN-Direct,Parkinson2clc,0.1,11,11,1,0.8974358974358975,0.13468225000542589,0.0,0.041175833001034334,0.17586083398782648
2026-07-13T23:36:30,KNN-Direct-Weighted,Parkinson2clc,0.1,11,11,3,0.9487179487179487,0.16760975000215694,0.0,0.05206395799177699,0.21967699998640455
2026-07-13T23:36:30,KNN-IC,Parkinson2clc,0.1,12,12,1,0.9487179487179487,0.10846529202535748,0.007938415976241231,0.02113091599312611,0.13753758298116736
2026-07-13T23:36:30,KNN-Direct,Parkinson2clc,0.1,12,12,5,0.9743589743589743,0.13429899999755435,0.0,0.04092995898099616,0.175231959001394
2026-07-13T23:36:30,KNN-Direct-Weighted,Parkinson2clc,0.1,12,12,1,0.9487179487179487,0.16613499997765757,0.0,0.05070716701447964,0.2168454579950776
2026-07-13T23:36:30,KNN-IC,Parkinson2clc,0.1,13,13,1,0.8717948717948718,0.10967745800735429,0.007705041003646329,0.021245791984256357,0.13863170900731348
2026-07-13T23:36:31,KNN-Direct,Parkinson2clc,0.1,13,13,1,0.8974358974358975,0.13557470898376778,0.0,0.04206220799824223,0.17763979200390168
2026-07-13T23:36:31,KNN-Direct-Weighted,Parkinson2clc,0.1,13,13,1,0.8717948717948718,0.16797741697519086,0.0,0.051035833021160215,0.21901637499104254
2026-07-13T23:36:31,KNN-IC,Parkinson2clc,0.1,14,14,5,0.8974358974358975,0.10988725000061095,0.0086282079864759,0.021052874973975122,0.13957162501174025
2026-07-13T23:36:31,KNN-Direct,Parkinson2clc,0.1,14,14,3,0.9230769230769231,0.1341542910085991,0.0,0.04161191699677147,0.17576891698990948
2026-07-13T23:36:31,KNN-Direct-Weighted,Parkinson2clc,0.1,14,14,1,0.9487179487179487,0.17145333299413323,0.0,0.05173279100563377,0.22318945900769904
2026-07-13T23:36:31,KNN-IC,Parkinson2clc,0.1,15,15,2,0.9230769230769231,0.11107349998201244,0.007722625014139339,0.02119595799013041,0.13999545900151134
2026-07-13T23:36:32,KNN-Direct,Parkinson2clc,0.1,15,15,5,0.9743589743589743,0.13458695900044404,0.0,0.0407534159894567,0.17534337501274422
2026-07-13T23:36:32,KNN-Direct-Weighted,Parkinson2clc,0.1,15,15,1,0.9743589743589743,0.16630866698687896,0.0,0.05083312498754822,0.2171451670001261
2026-07-13T23:36:32,KNN-IC,Parkinson2clc,0.1,16,16,1,0.8461538461538461,0.10984170800657012,0.007763792003970593,0.021366583998315036,0.13897520798491314
2026-07-13T23:36:32,KNN-Direct,Parkinson2clc,0.1,16,16,1,0.9230769230769231,0.13387891699676402,0.0,0.040703791979467496,0.17458533300668932
2026-07-13T23:36:32,KNN-Direct-Weighted,Parkinson2clc,0.1,16,16,5,0.7948717948717948,0.16619550000177696,0.0,0.05057354201562703,0.21677233299124055
2026-07-13T23:36:32,KNN-IC,Parkinson2clc,0.1,17,17,2,0.9230769230769231,0.10882125000352971,0.007628457999089733,0.02133650000905618,0.13778945899684913
2026-07-13T23:36:33,KNN-Direct,Parkinson2clc,0.1,17,17,1,1.0,0.1340144579880871,0.0,0.040608333016280085,0.17462599999271333
2026-07-13T23:36:33,KNN-Direct-Weighted,Parkinson2clc,0.1,17,17,1,1.0,0.1665376250166446,0.0,0.050569499988341704,0.21711054199840873
2026-07-13T23:36:33,KNN-IC,Parkinson2clc,0.1,18,18,1,0.9230769230769231,0.10820337498444133,0.007642459007911384,0.02113283399376087,0.13698187499539927
2026-07-13T23:36:33,KNN-Direct,Parkinson2clc,0.1,18,18,1,0.8974358974358975,0.13409074998344295,0.0,0.040540457994211465,0.17463416699320078
2026-07-13T23:36:33,KNN-Direct-Weighted,Parkinson2clc,0.1,18,18,1,0.8974358974358975,0.16696112501085736,0.0,0.051218500011600554,0.21818287498899736
2026-07-13T23:36:34,KNN-IC,Parkinson2clc,0.1,19,19,2,0.9230769230769231,0.11402316699968651,0.008165916980942711,0.021658667013980448,0.1438510000007227
2026-07-13T23:36:34,KNN-Direct,Parkinson2clc,0.1,19,19,1,0.8974358974358975,0.1352768329961691,0.0,0.04128866599057801,0.17656858399277553
2026-07-13T23:36:34,KNN-Direct-Weighted,Parkinson2clc,0.1,19,19,3,0.8717948717948718,0.16928991599706933,0.0,0.0518860419979319,0.22117933302070014
2026-07-13T23:36:34,KNN-IC,Parkinson2clc,0.1,20,20,1,0.8974358974358975,0.10972466701059602,0.007666207995498553,0.021422291989438236,0.138816582999425
2026-07-13T23:36:34,KNN-Direct,Parkinson2clc,0.1,20,20,4,0.9743589743589743,0.13442154199583456,0.0,0.040753417008090764,0.17517783399671316
2026-07-13T23:36:35,KNN-Direct-Weighted,Parkinson2clc,0.1,20,20,1,0.9743589743589743,0.16878245800035074,0.0,0.0506269589823205,0.2194127500115428
2026-07-13T23:36:35,KNN-IC,Parkinson2clc,0.1,21,21,2,0.8974358974358975,0.10993012500694022,0.008291624981211498,0.021120916993822902,0.1393457920057699
2026-07-13T23:36:35,KNN-Direct,Parkinson2clc,0.1,21,21,3,0.9230769230769231,0.13441020902246237,0.0,0.04094450001139194,0.1753575409820769
2026-07-13T23:36:35,KNN-Direct-Weighted,Parkinson2clc,0.1,21,21,5,0.9230769230769231,0.1675483750004787,0.0,0.05140679201576859,0.21895824998500757
2026-07-13T23:36:35,KNN-IC,Parkinson2clc,0.1,22,22,2,0.8974358974358975,0.11062241601757705,0.007907499995781109,0.021345707995351404,0.13987908299895935
2026-07-13T23:36:35,KNN-Direct,Parkinson2clc,0.1,22,22,1,0.9487179487179487,0.13610949998837896,0.0,0.04127054099808447,0.1773832089966163
2026-07-13T23:36:36,KNN-Direct-Weighted,Parkinson2clc,0.1,22,22,1,0.9487179487179487,0.16825216700090095,0.0,0.051325749984243885,0.21958099998300895
2026-07-13T23:36:36,KNN-IC,Parkinson2clc,0.1,23,23,1,0.9230769230769231,0.11051266599679366,0.008249250007793307,0.021275707986205816,0.14004066699999385
2026-07-13T23:36:36,KNN-Direct,Parkinson2clc,0.1,23,23,1,0.8974358974358975,0.1358347909990698,0.0,0.04153474999475293,0.17737233301158994
2026-07-13T23:36:36,KNN-Direct-Weighted,Parkinson2clc,0.1,23,23,1,0.9230769230769231,0.16803945900755934,0.0,0.05102095802430995,0.21906362500158139
2026-07-13T23:36:36,KNN-IC,Parkinson2clc,0.1,24,24,4,0.8974358974358975,0.1114652499963995,0.008419000019785017,0.02159899999969639,0.1414862920064479
2026-07-13T23:36:36,KNN-Direct,Parkinson2clc,0.1,24,24,1,0.8974358974358975,0.13580374998855405,0.0,0.04121191700687632,0.17701820799265988
2026-07-13T23:36:37,KNN-Direct-Weighted,Parkinson2clc,0.1,24,24,3,0.9230769230769231,0.16748974999063648,0.0,0.051092415989842266,0.21858516600332223
2026-07-13T23:36:37,KNN-IC,Parkinson2clc,0.1,25,25,1,0.9230769230769231,0.11133312500896864,0.008449582994217053,0.02123300000675954,0.14101904098060913
2026-07-13T23:36:37,KNN-Direct,Parkinson2clc,0.1,25,25,1,0.8717948717948718,0.13799241700326093,0.0,0.04182545898947865,0.17982095800107345
2026-07-13T23:36:37,KNN-Direct-Weighted,Parkinson2clc,0.1,25,25,1,0.8974358974358975,0.16892166700563394,0.0,0.05144129099790007,0.2203663330001291
2026-07-13T23:36:37,KNN-IC,Parkinson2clc,0.1,26,26,2,0.9230769230769231,0.1117409169964958,0.008272625011159107,0.021354708005674183,0.1413715420057997
2026-07-13T23:36:38,KNN-Direct,Parkinson2clc,0.1,26,26,4,0.8974358974358975,0.13572479199501686,0.0,0.04123758300556801,0.17696545898797922
2026-07-13T23:36:38,KNN-Direct-Weighted,Parkinson2clc,0.1,26,26,1,0.9230769230769231,0.16786145902005956,0.0,0.05106229201192036,0.2189266250061337
2026-07-13T23:36:38,KNN-IC,Parkinson2clc,0.1,27,27,2,0.9230769230769231,0.11019474998465739,0.007963457988807932,0.021379833022365347,0.13954120897687972
2026-07-13T23:36:38,KNN-Direct,Parkinson2clc,0.1,27,27,1,0.9230769230769231,0.13540954198106192,0.0,0.0413938749989029,0.17680637500598095
2026-07-13T23:36:38,KNN-Direct-Weighted,Parkinson2clc,0.1,27,27,1,0.8974358974358975,0.16787954201572575,0.0,0.051100832992233336,0.21898358399630524
2026-07-13T23:36:38,KNN-IC,Parkinson2clc,0.1,28,28,1,0.9487179487179487,0.11266504199011251,0.0080994589952752,0.02191929199034348,0.142687208019197
2026-07-13T23:36:39,KNN-Direct,Parkinson2clc,0.1,28,28,1,1.0,0.13836691601318307,0.0,0.0412420830107294,0.17961179197300225
2026-07-13T23:36:39,KNN-Direct-Weighted,Parkinson2clc,0.1,28,28,1,1.0,0.1714692919922527,0.0,0.051158874994143844,0.22263129099155776
2026-07-13T23:36:39,KNN-IC,Parkinson2clc,0.1,29,29,4,0.9487179487179487,0.11155466601485386,0.008880874986061826,0.02136554100434296,0.14180474999011494
2026-07-13T23:36:39,KNN-Direct,Parkinson2clc,0.1,29,29,5,0.9743589743589743,0.13705908300471492,0.0,0.04171795898582786,0.17877962501370348
2026-07-13T23:36:39,KNN-Direct-Weighted,Parkinson2clc,0.1,29,29,5,0.9743589743589743,0.16854512499412522,0.0,0.0513903749815654,0.21993858300265856
2026-07-13T23:36:40,KNN-IC,Parkinson2clc,0.1,30,30,1,0.9230769230769231,0.11180270800832659,0.007874792005168274,0.02141200000187382,0.1410931660211645
2026-07-13T23:36:40,KNN-Direct,Parkinson2clc,0.1,30,30,3,0.8974358974358975,0.1358422079938464,0.0,0.04140437499154359,0.17724941699998453
2026-07-13T23:36:40,KNN-Direct-Weighted,Parkinson2clc,0.1,30,30,1,0.9743589743589743,0.16806725002243184,0.0,0.051106250000884756,0.2191764999879524
2026-07-13T23:36:40,KNN-IC,Parkinson2clc,0.1,31,31,1,0.9487179487179487,0.10962966599618085,0.008027125004446134,0.021422166988486424,0.13908200000878423
2026-07-13T23:36:40,KNN-Direct,Parkinson2clc,0.1,31,31,1,0.9230769230769231,0.13611966598546132,0.0,0.04140970800654031,0.17753212500247173
2026-07-13T23:36:40,KNN-Direct-Weighted,Parkinson2clc,0.1,31,31,1,0.9230769230769231,0.16834475001087412,0.0,0.05125666700769216,0.2196045840100851
2026-07-13T23:36:41,KNN-IC,Parkinson2clc,0.1,32,32,2,0.9230769230769231,0.11205524997785687,0.007962167001096532,0.021935541997663677,0.14195587500580586
2026-07-13T23:36:41,KNN-Direct,Parkinson2clc,0.1,32,32,1,0.9230769230769231,0.1360167920065578,0.0,0.04123087498010136,0.17725029200664721
2026-07-13T23:36:41,KNN-Direct-Weighted,Parkinson2clc,0.1,32,32,1,0.9487179487179487,0.17086037498665974,0.0,0.05129241698887199,0.22215587500249967
2026-07-13T23:36:41,KNN-IC,Parkinson2clc,0.1,33,33,1,0.7692307692307693,0.11095612501958385,0.007646999991266057,0.0213045830023475,0.13991133298259228
2026-07-13T23:36:41,KNN-Direct,Parkinson2clc,0.1,33,33,1,0.8205128205128205,0.13541212500422262,0.0,0.04134995798813179,0.176764625008218
2026-07-13T23:36:42,KNN-Direct-Weighted,Parkinson2clc,0.1,33,33,1,0.8461538461538461,0.16833937499905005,0.0,0.05129149998538196,0.219634084001882
2026-07-13T23:36:42,KNN-IC,Parkinson2clc,0.1,34,34,1,0.9743589743589743,0.1099506669852417,0.00789004101534374,0.02141124999616295,0.1392549590091221
2026-07-13T23:36:42,KNN-Direct,Parkinson2clc,0.1,34,34,1,1.0,0.1352499579952564,0.0,0.04124066699296236,0.17649324997910298
2026-07-13T23:36:42,KNN-Direct-Weighted,Parkinson2clc,0.1,34,34,1,0.9743589743589743,0.16799787498894148,0.0,0.051124041026923805,0.21912504200008698
2026-07-13T23:36:42,KNN-IC,Parkinson2clc,0.1,35,35,2,0.9230769230769231,0.11204958299640566,0.008015375002287328,0.02138041699072346,0.14144879198283888
2026-07-13T23:36:42,KNN-Direct,Parkinson2clc,0.1,35,35,1,0.8974358974358975,0.1357600830087904,0.0,0.04207754202070646,0.1778404169890564
2026-07-13T23:36:43,KNN-Direct-Weighted,Parkinson2clc,0.1,35,35,1,0.8974358974358975,0.16827150000608526,0.0,0.05123408397776075,0.21950870801811107
2026-07-13T23:36:43,KNN-IC,Parkinson2clc,0.1,36,36,3,0.8205128205128205,0.10991599998669699,0.007937582995509729,0.02168599999276921,0.1395426250237506
2026-07-13T23:36:43,KNN-Direct,Parkinson2clc,0.1,36,36,1,0.9230769230769231,0.13576566701522097,0.0,0.04123933400842361,0.1770077080000192
2026-07-13T23:36:43,KNN-Direct-Weighted,Parkinson2clc,0.1,36,36,1,0.9230769230769231,0.16834833301254548,0.0,0.05126245800056495,0.21961387500050478
2026-07-13T23:36:43,KNN-IC,Parkinson2clc,0.1,37,37,2,0.9230769230769231,0.11034245800692588,0.007968874997459352,0.0211621250200551,0.1394764999859035
2026-07-13T23:36:44,KNN-Direct,Parkinson2clc,0.1,37,37,1,0.9487179487179487,0.13599945898749866,0.0,0.04115812500822358,0.17716045799897984
2026-07-13T23:36:44,KNN-Direct-Weighted,Parkinson2clc,0.1,37,37,1,0.9487179487179487,0.1671212909859605,0.0,0.05131216699373908,0.21843637499841861
2026-07-13T23:36:44,KNN-IC,Parkinson2clc,0.1,38,38,1,0.8717948717948718,0.11117929199826904,0.007869749999372289,0.02154250000603497,0.14059483402525075
2026-07-13T23:36:44,KNN-Direct,Parkinson2clc,0.1,38,38,4,0.9487179487179487,0.13540362499770708,0.0,0.04120629100361839,0.1766125409922097
2026-07-13T23:36:44,KNN-Direct-Weighted,Parkinson2clc,0.1,38,38,3,0.9743589743589743,0.1685338750248775,0.0,0.05148774999543093,0.22002445897669531
2026-07-13T23:36:44,KNN-IC,Parkinson2clc,0.1,39,39,2,0.8717948717948718,0.11121316600474529,0.008150166977429762,0.021229707985185087,0.14059604200883768
2026-07-13T23:36:45,KNN-Direct,Parkinson2clc,0.1,39,39,1,0.8717948717948718,0.13580737498705275,0.0,0.04121654198388569,0.17702670898870565
2026-07-13T23:36:45,KNN-Direct-Weighted,Parkinson2clc,0.1,39,39,3,0.8205128205128205,0.16785204198095016,0.0,0.05114712499198504,0.21900224999990314
2026-07-13T23:36:45,KNN-IC,Parkinson2clc,0.2,0,0,2,0.8974358974358975,0.1129791249986738,0.008356750011444092,0.021410749992355704,0.14274987499811687
2026-07-13T23:36:45,KNN-Direct,Parkinson2clc,0.2,0,0,5,0.8974358974358975,0.1372580419993028,0.0,0.041817374993115664,0.1790777920105029
2026-07-13T23:36:45,KNN-Direct-Weighted,Parkinson2clc,0.2,0,0,1,0.8974358974358975,0.17018658298184164,0.0,0.05170050001470372,0.22189012498711236
2026-07-13T23:36:46,KNN-IC,Parkinson2clc,0.2,1,1,1,0.9487179487179487,0.11288587501621805,0.00797079098992981,0.021596208011033013,0.1424557919963263
2026-07-13T23:36:46,KNN-Direct,Parkinson2clc,0.2,1,1,3,0.8717948717948718,0.1367877910088282,0.0,0.041471750009804964,0.17826204202719964
2026-07-13T23:36:46,KNN-Direct-Weighted,Parkinson2clc,0.2,1,1,3,0.8717948717948718,0.1700570830143988,0.0,0.05356504098745063,0.2236251670110505
2026-07-13T23:36:46,KNN-IC,Parkinson2clc,0.2,2,2,1,0.7692307692307693,0.11276887499843724,0.008482500008540228,0.022310375003144145,0.14356483300798573
2026-07-13T23:36:46,KNN-Direct,Parkinson2clc,0.2,2,2,1,0.8717948717948718,0.1371985419827979,0.0,0.04168512500473298,0.17888625001069158
2026-07-13T23:36:46,KNN-Direct-Weighted,Parkinson2clc,0.2,2,2,1,0.8461538461538461,0.1739244580094237,0.0,0.05258754099486396,0.22651541698724031
2026-07-13T23:36:47,KNN-IC,Parkinson2clc,0.2,3,3,1,0.8461538461538461,0.11600829099188559,0.00842545900377445,0.021394125011283904,0.14583158399909735
2026-07-13T23:36:47,KNN-Direct,Parkinson2clc,0.2,3,3,3,0.8717948717948718,0.13718683400657028,0.0,0.041966874996433035,0.17915633399388753
2026-07-13T23:36:47,KNN-Direct-Weighted,Parkinson2clc,0.2,3,3,5,0.8205128205128205,0.17011179201654159,0.0,0.05199054200784303,0.222105458000442
2026-07-13T23:36:47,KNN-IC,Parkinson2clc,0.2,4,4,2,0.8717948717948718,0.11362279200693592,0.008754084003157914,0.02132883301237598,0.14370887499535456
2026-07-13T23:36:47,KNN-Direct,Parkinson2clc,0.2,4,4,1,0.8974358974358975,0.1376502919883933,0.0,0.041692124999826774,0.17934504197910428
2026-07-13T23:36:48,KNN-Direct-Weighted,Parkinson2clc,0.2,4,4,1,0.9230769230769231,0.16984774998854846,0.0,0.05178583401720971,0.2216370420064777
2026-07-13T23:36:48,KNN-IC,Parkinson2clc,0.2,5,5,2,0.9230769230769231,0.11175270902458578,0.008798000024398789,0.021412165981018916,0.14196624999749474
2026-07-13T23:36:48,KNN-Direct,Parkinson2clc,0.2,5,5,1,0.9487179487179487,0.1370552919979673,0.0,0.04180879102204926,0.17886704197735526
2026-07-13T23:36:48,KNN-Direct-Weighted,Parkinson2clc,0.2,5,5,1,0.9487179487179487,0.17356070800451562,0.0,0.0515591670118738,0.22512312498292886
2026-07-13T23:36:48,KNN-IC,Parkinson2clc,0.2,6,6,4,0.8461538461538461,0.11227308298111893,0.00935350000509061,0.021273624995956197,0.142903625004692
2026-07-13T23:36:48,KNN-Direct,Parkinson2clc,0.2,6,6,1,0.8974358974358975,0.1374716249993071,0.0,0.04169766599079594,0.17917175000184216
2026-07-13T23:36:49,KNN-Direct-Weighted,Parkinson2clc,0.2,6,6,3,0.8974358974358975,0.16970137500902638,0.0,0.05190925000351854,0.2216138750081882
2026-07-13T23:36:49,KNN-IC,Parkinson2clc,0.2,7,7,2,0.9487179487179487,0.11194916602107696,0.009090624982491136,0.021665833017323166,0.14270887500606477
2026-07-13T23:36:49,KNN-Direct,Parkinson2clc,0.2,7,7,1,0.9230769230769231,0.1371694590197876,0.0,0.04194462500163354,0.17911666701547801
2026-07-13T23:36:49,KNN-Direct-Weighted,Parkinson2clc,0.2,7,7,5,0.8974358974358975,0.17337283300003037,0.0,0.0525418329925742,0.22591800001100637
2026-07-13T23:36:49,KNN-IC,Parkinson2clc,0.2,8,8,1,0.8974358974358975,0.11315045898663811,0.007947958976728842,0.021210209000855684,0.1423117920057848
2026-07-13T23:36:50,KNN-Direct,Parkinson2clc,0.2,8,8,1,0.8461538461538461,0.1371572079951875,0.0,0.0415507500001695,0.17871049998211674
2026-07-13T23:36:50,KNN-Direct-Weighted,Parkinson2clc,0.2,8,8,1,0.9230769230769231,0.16965270799119025,0.0,0.05149349998100661,0.22114945799694397
2026-07-13T23:36:50,KNN-IC,Parkinson2clc,0.2,9,9,5,0.8717948717948718,0.11196533299516886,0.009695959015516564,0.0212421249889303,0.14290687500033528
2026-07-13T23:36:50,KNN-Direct,Parkinson2clc,0.2,9,9,3,0.8974358974358975,0.13718312498531304,0.0,0.04172445900621824,0.17890995799098164
2026-07-13T23:36:50,KNN-Direct-Weighted,Parkinson2clc,0.2,9,9,1,0.8717948717948718,0.16955404198961332,0.0,0.051629458990646526,0.22118683400913142
2026-07-13T23:36:50,KNN-IC,Parkinson2clc,0.2,10,10,5,0.9487179487179487,0.11233604099834338,0.0095454590045847,0.021331666997866705,0.14321612499770708
2026-07-13T23:36:51,KNN-Direct,Parkinson2clc,0.2,10,10,3,0.9487179487179487,0.13694700002088211,0.0,0.04159224999602884,0.17854212498059496
2026-07-13T23:36:51,KNN-Direct-Weighted,Parkinson2clc,0.2,10,10,1,0.9487179487179487,0.16937112499726936,0.0,0.05140212501282804,0.22077637500478886
2026-07-13T23:36:51,KNN-IC,Parkinson2clc,0.2,11,11,1,0.9230769230769231,0.11211020802147686,0.008328333002282307,0.02139520799391903,0.1418370839965064
2026-07-13T23:36:51,KNN-Direct,Parkinson2clc,0.2,11,11,1,0.9487179487179487,0.13665904200752266,0.0,0.04185337500530295,0.17851495899958536
2026-07-13T23:36:51,KNN-Direct-Weighted,Parkinson2clc,0.2,11,11,3,1.0,0.16958166597760282,0.0,0.051708250015508384,0.22129283301183023
2026-07-13T23:36:52,KNN-IC,Parkinson2clc,0.2,12,12,4,0.8717948717948718,0.11233670799992979,0.00921174997347407,0.02152350000687875,0.14307525000185706
2026-07-13T23:36:52,KNN-Direct,Parkinson2clc,0.2,12,12,3,0.9230769230769231,0.13661791701451875,0.0,0.0417322090070229,0.17835287502384745
2026-07-13T23:36:52,KNN-Direct-Weighted,Parkinson2clc,0.2,12,12,4,0.9230769230769231,0.16982779200770892,0.0,0.05163487500976771,0.22146550001343712
2026-07-13T23:36:52,KNN-IC,Parkinson2clc,0.2,13,13,1,0.8717948717948718,0.11303474998567253,0.008115083997836336,0.021385000000009313,0.14253791701048613
2026-07-13T23:36:52,KNN-Direct,Parkinson2clc,0.2,13,13,4,0.9230769230769231,0.13671045898809098,0.0,0.04168170801131055,0.17839491600170732
2026-07-13T23:36:53,KNN-Direct-Weighted,Parkinson2clc,0.2,13,13,1,0.8974358974358975,0.18793191699660383,0.0,0.05342699997709133,0.2413618749997113
2026-07-13T23:36:53,KNN-IC,Parkinson2clc,0.2,14,14,1,0.8974358974358975,0.1167548329976853,0.00930004200199619,0.022169750009197742,0.14822850000928156
2026-07-13T23:36:53,KNN-Direct,Parkinson2clc,0.2,14,14,1,0.8974358974358975,0.14212066601612605,0.0,0.04278770898235962,0.18491066701244563
2026-07-13T23:36:53,KNN-Direct-Weighted,Parkinson2clc,0.2,14,14,1,0.8974358974358975,0.17064995798864402,0.0,0.051832665980327874,0.2224858330155257
2026-07-13T23:36:53,KNN-IC,Parkinson2clc,0.2,15,15,2,1.0,0.11280483301379718,0.00877529100398533,0.021323333989130333,0.142906666995259
2026-07-13T23:36:53,KNN-Direct,Parkinson2clc,0.2,15,15,3,0.9743589743589743,0.13746329199057072,0.0,0.041755666985409334,0.17922170800738968
2026-07-13T23:36:54,KNN-Direct-Weighted,Parkinson2clc,0.2,15,15,1,0.9743589743589743,0.16982899999129586,0.0,0.05184779199771583,0.22167945801629685
2026-07-13T23:36:54,KNN-IC,Parkinson2clc,0.2,16,16,1,0.7948717948717948,0.11183904099743813,0.008392999996431172,0.02145875000860542,0.14169391698669642
2026-07-13T23:36:54,KNN-Direct,Parkinson2clc,0.2,16,16,5,0.8205128205128205,0.13716150002437644,0.0,0.04277254099724814,0.17993700000806712
2026-07-13T23:36:54,KNN-Direct-Weighted,Parkinson2clc,0.2,16,16,1,0.8461538461538461,0.17714720801450312,0.0,0.05208083300385624,0.22923133298172615
2026-07-13T23:36:54,KNN-IC,Parkinson2clc,0.2,17,17,2,0.9230769230769231,0.1132303329941351,0.008219125011237338,0.021689707995392382,0.1431427089846693
2026-07-13T23:36:55,KNN-Direct,Parkinson2clc,0.2,17,17,3,0.9230769230769231,0.1381989590008743,0.0,0.041570834000594914,0.17977233298006468
2026-07-13T23:36:55,KNN-Direct-Weighted,Parkinson2clc,0.2,17,17,3,0.9230769230769231,0.16983554200851358,0.0,0.05204166698968038,0.221880458004307
2026-07-13T23:36:55,KNN-IC,Parkinson2clc,0.2,18,18,1,0.8974358974358975,0.11573954101186246,0.007985959004145116,0.021798000001581386,0.1455266249831766
2026-07-13T23:36:55,KNN-Direct,Parkinson2clc,0.2,18,18,3,0.9230769230769231,0.1373230000026524,0.0,0.042099583020899445,0.1794250000093598
2026-07-13T23:36:55,KNN-Direct-Weighted,Parkinson2clc,0.2,18,18,1,0.9487179487179487,0.1708579580008518,0.0,0.05204779197811149,0.22290870899450965
2026-07-13T23:36:55,KNN-IC,Parkinson2clc,0.2,19,19,1,0.8717948717948718,0.11279033299069852,0.00800058399909176,0.021609916992019862,0.14240437498665415
2026-07-13T23:36:56,KNN-Direct,Parkinson2clc,0.2,19,19,1,0.9487179487179487,0.1383114589843899,0.0,0.04199162501026876,0.18030566698871553
2026-07-13T23:36:56,KNN-Direct-Weighted,Parkinson2clc,0.2,19,19,1,0.9487179487179487,0.17704758400213905,0.0,0.05265183301526122,0.22970295799314044
2026-07-13T23:36:56,KNN-IC,Parkinson2clc,0.2,20,20,2,0.8717948717948718,0.11437525000656024,0.008447917003650218,0.021472458000062034,0.14429920801194385
2026-07-13T23:36:56,KNN-Direct,Parkinson2clc,0.2,20,20,4,0.8974358974358975,0.13748412500717677,0.0,0.04176983397337608,0.17925666700466536
2026-07-13T23:36:56,KNN-Direct-Weighted,Parkinson2clc,0.2,20,20,1,0.8974358974358975,0.17010141600621864,0.0,0.051978416013298556,0.22208291699644178
2026-07-13T23:36:57,KNN-IC,Parkinson2clc,0.2,21,21,4,0.9230769230769231,0.11207299999659881,0.009610042005078867,0.02196733298478648,0.14365404201089405
2026-07-13T23:36:57,KNN-Direct,Parkinson2clc,0.2,21,21,1,0.8717948717948718,0.1381448750034906,0.0,0.04152604201226495,0.1796732500079088
2026-07-13T23:36:57,KNN-Direct-Weighted,Parkinson2clc,0.2,21,21,1,0.8974358974358975,0.17028391698841006,0.0,0.05198337498586625,0.2222702080034651
2026-07-13T23:36:57,KNN-IC,Parkinson2clc,0.2,22,22,2,0.9230769230769231,0.11354683400713839,0.00832808401901275,0.02178762500989251,0.14366545801749453
2026-07-13T23:36:57,KNN-Direct,Parkinson2clc,0.2,22,22,1,0.9230769230769231,0.13799824999296106,0.0,0.041744208021555096,0.17974520902498625
2026-07-13T23:36:58,KNN-Direct-Weighted,Parkinson2clc,0.2,22,22,1,0.8974358974358975,0.17052508401684463,0.0,0.05180929199559614,0.22233745898120105
2026-07-13T23:36:58,KNN-IC,Parkinson2clc,0.2,23,23,1,0.8717948717948718,0.113797166995937,0.008298125001601875,0.020917416986776516,0.14301579201128334
2026-07-13T23:36:58,KNN-Direct,Parkinson2clc,0.2,23,23,3,0.8974358974358975,0.13758675000281073,0.0,0.041673041007015854,0.17926204201648943
2026-07-13T23:36:58,KNN-Direct-Weighted,Parkinson2clc,0.2,23,23,1,0.8974358974358975,0.17094116698717698,0.0,0.052067291020648554,0.22301145899109542
2026-07-13T23:36:58,KNN-IC,Parkinson2clc,0.2,24,24,2,0.8717948717948718,0.1135357920138631,0.008283874980406836,0.02161350002279505,0.14343629201175645
2026-07-13T23:36:58,KNN-Direct,Parkinson2clc,0.2,24,24,1,0.8974358974358975,0.13751450000563636,0.0,0.041584207996493205,0.17910170802497305
2026-07-13T23:36:59,KNN-Direct-Weighted,Parkinson2clc,0.2,24,24,1,0.8974358974358975,0.17145374999381602,0.0,0.05194716699770652,0.223404041986214
2026-07-13T23:36:59,KNN-IC,Parkinson2clc,0.2,25,25,2,0.8974358974358975,0.11298370899748988,0.008215750014642254,0.021729249972850084,0.14293162498506717
2026-07-13T23:36:59,KNN-Direct,Parkinson2clc,0.2,25,25,3,0.8974358974358975,0.13797133299522102,0.0,0.04177416698075831,0.17974841699469835
2026-07-13T23:36:59,KNN-Direct-Weighted,Parkinson2clc,0.2,25,25,3,0.8717948717948718,0.17032758297864348,0.0,0.05187116700108163,0.2222017500025686
2026-07-13T23:36:59,KNN-IC,Parkinson2clc,0.2,26,26,2,0.8717948717948718,0.11291450000135228,0.008142542006680742,0.021441166987642646,0.14250162499956787
2026-07-13T23:36:59,KNN-Direct,Parkinson2clc,0.2,26,26,4,0.9487179487179487,0.1376502079947386,0.0,0.04189641700941138,0.17954958300106227
2026-07-13T23:37:00,KNN-Direct-Weighted,Parkinson2clc,0.2,26,26,1,0.9230769230769231,0.17048654099926353,0.0,0.051645792002091184,0.22213541698874906
2026-07-13T23:37:00,KNN-IC,Parkinson2clc,0.2,27,27,3,0.8974358974358975,0.11295675000292249,0.008443041006103158,0.02137562501593493,0.14277875001425855
2026-07-13T23:37:00,KNN-Direct,Parkinson2clc,0.2,27,27,3,0.9230769230769231,0.13779875001637265,0.0,0.04185720899840817,0.179658458015183
2026-07-13T23:37:00,KNN-Direct-Weighted,Parkinson2clc,0.2,27,27,1,0.9230769230769231,0.17015275001176633,0.0,0.051867041998775676,0.2220231249812059
2026-07-13T23:37:00,KNN-IC,Parkinson2clc,0.2,28,28,5,0.9230769230769231,0.11237445802544244,0.00937237500329502,0.0214102910249494,0.14316041700658388
2026-07-13T23:37:01,KNN-Direct,Parkinson2clc,0.2,28,28,1,0.9743589743589743,0.13763070799177513,0.0,0.0418037089984864,0.17943704201024957
2026-07-13T23:37:01,KNN-Direct-Weighted,Parkinson2clc,0.2,28,28,1,0.9743589743589743,0.170083250006428,0.0,0.05201841701637022,0.22210433302097954
2026-07-13T23:37:01,KNN-IC,Parkinson2clc,0.2,29,29,3,0.9230769230769231,0.11352679200354032,0.008351041993591934,0.021433791000163183,0.14331483299611136
2026-07-13T23:37:01,KNN-Direct,Parkinson2clc,0.2,29,29,4,0.9487179487179487,0.1376057919987943,0.0,0.041927540994947776,0.17953595801373012
2026-07-13T23:37:01,KNN-Direct-Weighted,Parkinson2clc,0.2,29,29,5,0.9230769230769231,0.1707411669776775,0.0,0.05190737498924136,0.2226516249938868
2026-07-13T23:37:01,KNN-IC,Parkinson2clc,0.2,30,30,1,0.9487179487179487,0.11275795797700994,0.008112207986414433,0.021302250010194257,0.142175374989165
2026-07-13T23:37:02,KNN-Direct,Parkinson2clc,0.2,30,30,3,0.8974358974358975,0.13782908298890106,0.0,0.04138579199207015,0.17921766699873842
2026-07-13T23:37:02,KNN-Direct-Weighted,Parkinson2clc,0.2,30,30,1,0.9230769230769231,0.17049154097912833,0.0,0.051639750017784536,0.22213441698113456
2026-07-13T23:37:02,KNN-IC,Parkinson2clc,0.2,31,31,3,0.8717948717948718,0.11378454099758528,0.008387874986510724,0.021371375012677163,0.14354679099051282
2026-07-13T23:37:02,KNN-Direct,Parkinson2clc,0.2,31,31,1,0.8205128205128205,0.1381362079991959,0.0,0.041789542010519654,0.17992879200028256
2026-07-13T23:37:02,KNN-Direct-Weighted,Parkinson2clc,0.2,31,31,4,0.8717948717948718,0.17009858402889222,0.0,0.05225970799801871,0.22236179100582376
2026-07-13T23:37:03,KNN-IC,Parkinson2clc,0.2,32,32,2,0.9230769230769231,0.1138687500206288,0.00824733401532285,0.021425125014502555,0.14354474999709055
2026-07-13T23:37:03,KNN-Direct,Parkinson2clc,0.2,32,32,3,0.8974358974358975,0.13766583398682997,0.0,0.04198762500891462,0.17965591698884964
2026-07-13T23:37:03,KNN-Direct-Weighted,Parkinson2clc,0.2,32,32,5,0.8974358974358975,0.17089379101525992,0.0,0.05195095797535032,0.2228477919998113
2026-07-13T23:37:03,KNN-IC,Parkinson2clc,0.2,33,33,2,0.7435897435897436,0.11266924999654293,0.008299333014292642,0.02127462500357069,0.14224666700465605
2026-07-13T23:37:03,KNN-Direct,Parkinson2clc,0.2,33,33,1,0.7435897435897436,0.13781787501648068,0.0,0.0415788340033032,0.179399624990765
2026-07-13T23:37:04,KNN-Direct-Weighted,Parkinson2clc,0.2,33,33,1,0.7435897435897436,0.17019737500231713,0.0,0.05188445799285546,0.22208500001579523
2026-07-13T23:37:04,KNN-IC,Parkinson2clc,0.2,34,34,2,0.9487179487179487,0.11263300001155585,0.008284957992145792,0.02147537501878105,0.14239679198362865
2026-07-13T23:37:04,KNN-Direct,Parkinson2clc,0.2,34,34,1,0.9230769230769231,0.13748320800368674,0.0,0.04166708400589414,0.17915308399824426
2026-07-13T23:37:04,KNN-Direct-Weighted,Parkinson2clc,0.2,34,34,1,0.9230769230769231,0.1703253329906147,0.0,0.05171729202265851,0.22204541700193658
2026-07-13T23:37:04,KNN-IC,Parkinson2clc,0.2,35,35,1,0.9487179487179487,0.11177524999948218,0.008236125024268404,0.02158479200443253,0.1415991660032887
2026-07-13T23:37:04,KNN-Direct,Parkinson2clc,0.2,35,35,1,0.8717948717948718,0.13765966598293744,0.0,0.041701958019984886,0.17936420897603966
2026-07-13T23:37:05,KNN-Direct-Weighted,Parkinson2clc,0.2,35,35,1,0.9230769230769231,0.17017079098150134,0.0,0.05160779200377874,0.22178170800907537
2026-07-13T23:37:05,KNN-IC,Parkinson2clc,0.2,36,36,3,0.7692307692307693,0.11212116698152386,0.00863062500138767,0.021406040992587805,0.14216091600246727
2026-07-13T23:37:05,KNN-Direct,Parkinson2clc,0.2,36,36,1,0.9487179487179487,0.1373593749885913,0.0,0.041793040989432484,0.1791552919894457
2026-07-13T23:37:05,KNN-Direct-Weighted,Parkinson2clc,0.2,36,36,1,0.9487179487179487,0.1701803750183899,0.0,0.051740124996285886,0.2219236670061946
2026-07-13T23:37:05,KNN-IC,Parkinson2clc,0.2,37,37,1,0.8717948717948718,0.1130984160117805,0.008369707997189835,0.02142308300244622,0.1428943749924656
2026-07-13T23:37:06,KNN-Direct,Parkinson2clc,0.2,37,37,1,0.8974358974358975,0.13813979201950133,0.0,0.042024082998977974,0.18016675001126714
2026-07-13T23:37:06,KNN-Direct-Weighted,Parkinson2clc,0.2,37,37,1,0.8974358974358975,0.17024729200056754,0.0,0.051759624999249354,0.2220101659768261
2026-07-13T23:37:06,KNN-IC,Parkinson2clc,0.2,38,38,1,0.8717948717948718,0.1127623750071507,0.008282000024337322,0.02129583401256241,0.14234370799385943
2026-07-13T23:37:06,KNN-Direct,Parkinson2clc,0.2,38,38,1,0.8461538461538461,0.1373925420048181,0.0,0.04209716699551791,0.1794922920234967
2026-07-13T23:37:06,KNN-Direct-Weighted,Parkinson2clc,0.2,38,38,3,0.8717948717948718,0.16989512500003912,0.0,0.05196383301517926,0.22186212497763336
2026-07-13T23:37:06,KNN-IC,Parkinson2clc,0.2,39,39,3,0.8461538461538461,0.11324729199986905,0.00874695900711231,0.021518875000765547,0.14351641698158346
2026-07-13T23:37:07,KNN-Direct,Parkinson2clc,0.2,39,39,3,0.9230769230769231,0.13756350000039674,0.0,0.04196125001180917,0.17952762497588992
2026-07-13T23:37:07,KNN-Direct-Weighted,Parkinson2clc,0.2,39,39,5,0.8717948717948718,0.17619591701077297,0.0,0.05296549998456612,0.22916466699098237
2026-07-13T23:37:07,KNN-IC,Parkinson2clc,0.3,0,0,1,0.8461538461538461,0.1149908340012189,0.008206917002098635,0.021638625010382384,0.14483962501981296
2026-07-13T23:37:07,KNN-Direct,Parkinson2clc,0.3,0,0,1,0.8974358974358975,0.13817579200258479,0.0,0.041814500000327826,0.1799928750260733
2026-07-13T23:37:07,KNN-Direct-Weighted,Parkinson2clc,0.3,0,0,3,0.8974358974358975,0.17094162499415688,0.0,0.05233191599836573,0.22327658400172368
2026-07-13T23:37:08,KNN-IC,Parkinson2clc,0.3,1,1,1,0.8205128205128205,0.1146323750144802,0.008009582990780473,0.021574958023848012,0.14422012498835102
2026-07-13T23:37:08,KNN-Direct,Parkinson2clc,0.3,1,1,4,0.8461538461538461,0.13746583301690407,0.0,0.0417725830047857,0.17924133298220113
2026-07-13T23:37:08,KNN-Direct-Weighted,Parkinson2clc,0.3,1,1,3,0.8717948717948718,0.1711252500244882,0.0,0.05187166601535864,0.22300041597918607
2026-07-13T23:37:08,KNN-IC,Parkinson2clc,0.3,2,2,2,0.7948717948717948,0.11441929198917933,0.008867875003488734,0.02140137497917749,0.1446917499997653
2026-07-13T23:37:08,KNN-Direct,Parkinson2clc,0.3,2,2,3,0.8717948717948718,0.13766958299675025,0.0,0.04209762497339398,0.179769624985056
2026-07-13T23:37:09,KNN-Direct-Weighted,Parkinson2clc,0.3,2,2,3,0.8717948717948718,0.17076174999237992,0.0,0.051802750007482246,0.22256783401826397
2026-07-13T23:37:09,KNN-IC,Parkinson2clc,0.3,3,3,1,0.7948717948717948,0.11370254200301133,0.008614584017777815,0.021386749984230846,0.14370691700605676
2026-07-13T23:37:09,KNN-Direct,Parkinson2clc,0.3,3,3,1,0.8461538461538461,0.13751975001650862,0.0,0.04223833300056867,0.17976083399844356
2026-07-13T23:37:09,KNN-Direct-Weighted,Parkinson2clc,0.3,3,3,3,0.8717948717948718,0.17064958400442265,0.0,0.05267929201363586,0.22333208299824037
2026-07-13T23:37:09,KNN-IC,Parkinson2clc,0.3,4,4,1,0.8717948717948718,0.11371320899343118,0.008628084004158154,0.02121508400887251,0.14355962499394082
2026-07-13T23:37:09,KNN-Direct,Parkinson2clc,0.3,4,4,1,0.8717948717948718,0.1379727500025183,0.0,0.045663583994610235,0.18363970800419338
2026-07-13T23:37:10,KNN-Direct-Weighted,Parkinson2clc,0.3,4,4,3,0.8461538461538461,0.17699004200403579,0.0,0.05219654200482182,0.229190916987136
2026-07-13T23:37:10,KNN-IC,Parkinson2clc,0.3,5,5,3,0.8974358974358975,0.1141497079806868,0.008947583002736792,0.02148424999904819,0.1445849160081707
2026-07-13T23:37:10,KNN-Direct,Parkinson2clc,0.3,5,5,1,0.9230769230769231,0.13827995798783377,0.0,0.042033375008031726,0.18031608301680535
2026-07-13T23:37:10,KNN-Direct-Weighted,Parkinson2clc,0.3,5,5,4,0.9230769230769231,0.1705664579931181,0.0,0.0521184999961406,0.2226884170086123
2026-07-13T23:37:10,KNN-IC,Parkinson2clc,0.3,6,6,5,0.8205128205128205,0.11406158402678557,0.010200874996371567,0.021547040989389643,0.14581295900279656
2026-07-13T23:37:11,KNN-Direct,Parkinson2clc,0.3,6,6,3,0.8205128205128205,0.13786366701242514,0.0,0.04197495800326578,0.17984125000657514
2026-07-13T23:37:11,KNN-Direct-Weighted,Parkinson2clc,0.3,6,6,1,0.8461538461538461,0.17070374998729676,0.0,0.05173649999778718,0.2224434580130037
2026-07-13T23:37:11,KNN-IC,Parkinson2clc,0.3,7,7,2,0.8717948717948718,0.11432558399974369,0.00905554200289771,0.021471124986419454,0.14485537499422207
2026-07-13T23:37:11,KNN-Direct,Parkinson2clc,0.3,7,7,1,0.8974358974358975,0.13760250000632368,0.0,0.042061249987455085,0.1796661250118632
2026-07-13T23:37:11,KNN-Direct-Weighted,Parkinson2clc,0.3,7,7,1,0.8974358974358975,0.17007924997597001,0.0,0.05216233400278725,0.22224450000794604
2026-07-13T23:37:11,KNN-IC,Parkinson2clc,0.3,8,8,4,0.8717948717948718,0.11330520798219368,0.010203333018580452,0.021375124983023852,0.14488691699807532
2026-07-13T23:37:12,KNN-Direct,Parkinson2clc,0.3,8,8,1,0.8974358974358975,0.1384502910077572,0.0,0.041899042000295594,0.18035204100306146
2026-07-13T23:37:12,KNN-Direct-Weighted,Parkinson2clc,0.3,8,8,1,0.9230769230769231,0.17048658299609087,0.0,0.05218274999060668,0.22267241700319573
2026-07-13T23:37:12,KNN-IC,Parkinson2clc,0.3,9,9,4,0.9230769230769231,0.11461512499954551,0.00966733301174827,0.02145949998521246,0.14574566701776348
2026-07-13T23:37:12,KNN-Direct,Parkinson2clc,0.3,9,9,3,0.9230769230769231,0.13799133300199173,0.0,0.04197033299715258,0.1799640830140561
2026-07-13T23:37:12,KNN-Direct-Weighted,Parkinson2clc,0.3,9,9,4,0.9487179487179487,0.17042908401344903,0.0,0.051850290998118,0.22228249997715466
2026-07-13T23:37:13,KNN-IC,Parkinson2clc,0.3,10,10,4,0.9487179487179487,0.11418062500888482,0.009800833009649068,0.02179654099745676,0.14578141598030925
2026-07-13T23:37:13,KNN-Direct,Parkinson2clc,0.3,10,10,5,0.9743589743589743,0.13737216702429578,0.0,0.041677708009956405,0.17905329199857078
2026-07-13T23:37:13,KNN-Direct-Weighted,Parkinson2clc,0.3,10,10,1,0.9487179487179487,0.17061708300025202,0.0,0.05202487498172559,0.22264533300767653
2026-07-13T23:37:13,KNN-IC,Parkinson2clc,0.3,11,11,3,0.9743589743589743,0.11380795799777843,0.008773417008342221,0.021859417000086978,0.14444412497687154
2026-07-13T23:37:13,KNN-Direct,Parkinson2clc,0.3,11,11,1,0.9487179487179487,0.13741100000333972,0.0,0.042044625006383285,0.17945845902431756
2026-07-13T23:37:13,KNN-Direct-Weighted,Parkinson2clc,0.3,11,11,1,0.9743589743589743,0.1703929580107797,0.0,0.05194708297494799,0.2223430830053985
2026-07-13T23:37:14,KNN-IC,Parkinson2clc,0.3,12,12,5,0.8461538461538461,0.11258308298420161,0.010158957971725613,0.021274333994369954,0.14401975000509992
2026-07-13T23:37:14,KNN-Direct,Parkinson2clc,0.3,12,12,1,0.8974358974358975,0.1370512499997858,0.0,0.04214854197925888,0.17920229100855067
2026-07-13T23:37:14,KNN-Direct-Weighted,Parkinson2clc,0.3,12,12,1,0.9230769230769231,0.17047549999551848,0.0,0.051885749999200925,0.22236420901026577
2026-07-13T23:37:14,KNN-IC,Parkinson2clc,0.3,13,13,3,0.9230769230769231,0.11457708399393596,0.008972459007054567,0.02139225002611056,0.14494487500633113
2026-07-13T23:37:14,KNN-Direct,Parkinson2clc,0.3,13,13,3,0.8974358974358975,0.13754216700908728,0.0,0.041956165980082005,0.1795012090005912
2026-07-13T23:37:15,KNN-Direct-Weighted,Parkinson2clc,0.3,13,13,1,0.8717948717948718,0.1703782500117086,0.0,0.051811124983942136,0.22219258398399688
2026-07-13T23:37:15,KNN-IC,Parkinson2clc,0.3,14,14,2,0.9230769230769231,0.1139025829907041,0.008720792015083134,0.02120750001631677,0.14383379198261537
2026-07-13T23:37:15,KNN-Direct,Parkinson2clc,0.3,14,14,1,0.9487179487179487,0.13797662500292063,0.0,0.04220337499282323,0.18018283299170434
2026-07-13T23:37:15,KNN-Direct-Weighted,Parkinson2clc,0.3,14,14,3,0.9230769230769231,0.170513333985582,0.0,0.051834165991749614,0.2223506250011269
2026-07-13T23:37:15,KNN-IC,Parkinson2clc,0.3,15,15,2,0.9743589743589743,0.1139440409897361,0.008936208003433421,0.021380916994530708,0.1442643339978531
2026-07-13T23:37:15,KNN-Direct,Parkinson2clc,0.3,15,15,1,0.8974358974358975,0.13759837500401773,0.0,0.042124625004362315,0.17972570899291895
2026-07-13T23:37:16,KNN-Direct-Weighted,Parkinson2clc,0.3,15,15,1,0.9743589743589743,0.17051291599636897,0.0,0.05176154201035388,0.2222777910064906
2026-07-13T23:37:16,KNN-IC,Parkinson2clc,0.3,16,16,4,0.7948717948717948,0.11298812500899658,0.010505707992706448,0.021244540985208005,0.14474116699420847
2026-07-13T23:37:16,KNN-Direct,Parkinson2clc,0.3,16,16,3,0.8717948717948718,0.13773158300318755,0.0,0.04182166699320078,0.179555957991397
2026-07-13T23:37:16,KNN-Direct-Weighted,Parkinson2clc,0.3,16,16,3,0.9230769230769231,0.17021995902177878,0.0,0.051728749996982515,0.2219518329948187
2026-07-13T23:37:16,KNN-IC,Parkinson2clc,0.3,17,17,4,0.8974358974358975,0.11335195801802911,0.00986691698199138,0.02135237501352094,0.14457462501013651
2026-07-13T23:37:17,KNN-Direct,Parkinson2clc,0.3,17,17,5,0.8974358974358975,0.1377093750052154,0.0,0.04228187500848435,0.1799941250064876
2026-07-13T23:37:17,KNN-Direct-Weighted,Parkinson2clc,0.3,17,17,3,0.9230769230769231,0.17036587500479072,0.0,0.052260875003412366,0.2226303750067018
2026-07-13T23:37:17,KNN-IC,Parkinson2clc,0.3,18,18,4,0.8461538461538461,0.11385108402464539,0.009792541997740045,0.021356709010433406,0.14500333298929036
2026-07-13T23:37:17,KNN-Direct,Parkinson2clc,0.3,18,18,4,0.8205128205128205,0.13771558299777098,0.0,0.042007208976428956,0.17972508299862966
2026-07-13T23:37:17,KNN-Direct-Weighted,Parkinson2clc,0.3,18,18,3,0.8461538461538461,0.170804749999661,0.0,0.0519553329795599,0.22276299999793991
2026-07-13T23:37:18,KNN-IC,Parkinson2clc,0.3,19,19,4,0.8717948717948718,0.11386458299239166,0.009875999996438622,0.021489875012775883,0.14523366698995233
2026-07-13T23:37:18,KNN-Direct,Parkinson2clc,0.3,19,19,4,0.8974358974358975,0.13755187499918975,0.0,0.04166779201477766,0.17922258298494853
2026-07-13T23:37:18,KNN-Direct-Weighted,Parkinson2clc,0.3,19,19,3,0.8974358974358975,0.17025129200192168,0.0,0.05185391698614694,0.22210812498815358
2026-07-13T23:37:18,KNN-IC,Parkinson2clc,0.3,20,20,4,0.9487179487179487,0.11309937501209788,0.0098863749881275,0.021463042008690536,0.1444517089985311
2026-07-13T23:37:18,KNN-Direct,Parkinson2clc,0.3,20,20,3,0.8974358974358975,0.1375934999960009,0.0,0.04178787500131875,0.17938374998630024
2026-07-13T23:37:18,KNN-Direct-Weighted,Parkinson2clc,0.3,20,20,1,0.8974358974358975,0.1704147499985993,0.0,0.05186041700653732,0.22229320800397545
2026-07-13T23:37:19,KNN-IC,Parkinson2clc,0.3,21,21,4,0.8461538461538461,0.11451850002049468,0.010001957998611033,0.02136645797872916,0.14589016701211222
2026-07-13T23:37:19,KNN-Direct,Parkinson2clc,0.3,21,21,1,0.8717948717948718,0.13782991701737046,0.0,0.041936084016924724,0.1797690829844214
2026-07-13T23:37:19,KNN-Direct-Weighted,Parkinson2clc,0.3,21,21,3,0.9230769230769231,0.17015312501462176,0.0,0.05185354201239534,0.2220098749967292
2026-07-13T23:37:19,KNN-IC,Parkinson2clc,0.3,22,22,1,0.8974358974358975,0.11366441697464325,0.008865667012287304,0.021497791982255876,0.14403091600979678
2026-07-13T23:37:19,KNN-Direct,Parkinson2clc,0.3,22,22,3,0.9230769230769231,0.13824850000673905,0.0,0.04212066699983552,0.18037175000063144
2026-07-13T23:37:20,KNN-Direct-Weighted,Parkinson2clc,0.3,22,22,3,0.9230769230769231,0.17027033300837502,0.0,0.05182437499752268,0.22209770799963735
2026-07-13T23:37:20,KNN-IC,Parkinson2clc,0.3,23,23,1,0.8205128205128205,0.1135895420156885,0.008199665986467153,0.02129933299147524,0.14309179098927416
2026-07-13T23:37:20,KNN-Direct,Parkinson2clc,0.3,23,23,1,0.8717948717948718,0.1376391249941662,0.0,0.04192808299558237,0.17956975000561215
2026-07-13T23:37:20,KNN-Direct-Weighted,Parkinson2clc,0.3,23,23,5,0.9487179487179487,0.17143570899497718,0.0,0.05189070798223838,0.22332970800925978
2026-07-13T23:37:20,KNN-IC,Parkinson2clc,0.3,24,24,2,0.8461538461538461,0.11367695801891387,0.00900766599806957,0.021268417011015117,0.14395616701222025
2026-07-13T23:37:20,KNN-Direct,Parkinson2clc,0.3,24,24,3,0.9230769230769231,0.13781887502409518,0.0,0.04224766601691954,0.18006912502460182
2026-07-13T23:37:21,KNN-Direct-Weighted,Parkinson2clc,0.3,24,24,3,0.8974358974358975,0.17043091700179502,0.0,0.051675833004992455,0.2221098330046516
2026-07-13T23:37:21,KNN-IC,Parkinson2clc,0.3,25,25,2,0.8974358974358975,0.11357629200210795,0.008738541015191004,0.02131845901021734,0.14363654097542167
2026-07-13T23:37:21,KNN-Direct,Parkinson2clc,0.3,25,25,1,0.8205128205128205,0.13825575000373647,0.0,0.04196266600047238,0.18022108401055448
2026-07-13T23:37:21,KNN-Direct-Weighted,Parkinson2clc,0.3,25,25,3,0.9230769230769231,0.17034766700817272,0.0,0.051876582991098985,0.2222276249958668
2026-07-13T23:37:21,KNN-IC,Parkinson2clc,0.3,26,26,2,0.8461538461538461,0.11311112501425669,0.008817875001113862,0.021302999986801296,0.14323524999781512
2026-07-13T23:37:22,KNN-Direct,Parkinson2clc,0.3,26,26,5,0.9743589743589743,0.13784887501969934,0.0,0.041823500010650605,0.1796750420180615
2026-07-13T23:37:22,KNN-Direct-Weighted,Parkinson2clc,0.3,26,26,5,0.9487179487179487,0.16962825000518933,0.0,0.051597457990283147,0.2212284579873085
2026-07-13T23:37:22,KNN-IC,Parkinson2clc,0.3,27,27,3,0.8461538461538461,0.11412354200729169,0.009058832976734266,0.021334625023882836,0.14452045899815857
2026-07-13T23:37:22,KNN-Direct,Parkinson2clc,0.3,27,27,1,1.0,0.13767733401618898,0.0,0.041903290984919295,0.17958299999008887
2026-07-13T23:37:22,KNN-Direct-Weighted,Parkinson2clc,0.3,27,27,1,0.9487179487179487,0.1706402919953689,0.0,0.05171566698118113,0.22235883300891146
2026-07-13T23:37:22,KNN-IC,Parkinson2clc,0.3,28,28,2,0.9487179487179487,0.12162095902021974,0.009672042011516169,0.021979540993925184,0.15329050002037548
2026-07-13T23:37:23,KNN-Direct,Parkinson2clc,0.3,28,28,1,0.9230769230769231,0.1386298750003334,0.0,0.04272895900066942,0.18136183297610842
2026-07-13T23:37:23,KNN-Direct-Weighted,Parkinson2clc,0.3,28,28,3,0.9487179487179487,0.17358245799550787,0.0,0.052246458013541996,0.22583212499739602
2026-07-13T23:37:23,KNN-IC,Parkinson2clc,0.3,29,29,5,0.9230769230769231,0.11624108298565261,0.009961625008145347,0.021447875013109297,0.1476540000003297
2026-07-13T23:37:23,KNN-Direct,Parkinson2clc,0.3,29,29,1,0.8717948717948718,0.13765704198158346,0.0,0.04168195801321417,0.1793415829888545
2026-07-13T23:37:23,KNN-Direct-Weighted,Parkinson2clc,0.3,29,29,4,0.8974358974358975,0.17134529101895168,0.0,0.05202787497546524,0.22337629200774245
2026-07-13T23:37:24,KNN-IC,Parkinson2clc,0.3,30,30,1,0.8461538461538461,0.11412416701205075,0.008064791996730492,0.021199375012656674,0.14339166702120565
2026-07-13T23:37:24,KNN-Direct,Parkinson2clc,0.3,30,30,5,0.8974358974358975,0.13993874998413958,0.0,0.041777291015023366,0.18171904201153666
2026-07-13T23:37:24,KNN-Direct-Weighted,Parkinson2clc,0.3,30,30,1,0.8974358974358975,0.1706431249913294,0.0,0.05215762500301935,0.22280408299411647
2026-07-13T23:37:24,KNN-IC,Parkinson2clc,0.3,31,31,3,0.8461538461538461,0.11456874999566935,0.008612042001914233,0.021556541993049905,0.1447402919875458
2026-07-13T23:37:24,KNN-Direct,Parkinson2clc,0.3,31,31,3,0.8717948717948718,0.1372025409946218,0.0,0.04190129099879414,0.17910649999976158
2026-07-13T23:37:25,KNN-Direct-Weighted,Parkinson2clc,0.3,31,31,5,0.8717948717948718,0.1701285419985652,0.0,0.05172829199000262,0.22185995898325928
2026-07-13T23:37:25,KNN-IC,Parkinson2clc,0.3,32,32,1,0.8461538461538461,0.1220505409874022,0.00868108301074244,0.021826084004715085,0.15256112499628216
2026-07-13T23:37:25,KNN-Direct,Parkinson2clc,0.3,32,32,1,0.7692307692307693,0.13953491699066944,0.0,0.04187595800613053,0.18141345898038708
2026-07-13T23:37:25,KNN-Direct-Weighted,Parkinson2clc,0.3,32,32,3,0.8717948717948718,0.1710160420043394,0.0,0.0528882080106996,0.22390720798284747
2026-07-13T23:37:25,KNN-IC,Parkinson2clc,0.3,33,33,4,0.7692307692307693,0.11508362498716451,0.010101624997332692,0.02215820798301138,0.14734687501913868
2026-07-13T23:37:25,KNN-Direct,Parkinson2clc,0.3,33,33,3,0.8205128205128205,0.1387884170108009,0.0,0.04224283402436413,0.18103366700233892
2026-07-13T23:37:26,KNN-Direct-Weighted,Parkinson2clc,0.3,33,33,1,0.8974358974358975,0.1707549580023624,0.0,0.05164137500105426,0.22239899999112822
2026-07-13T23:37:26,KNN-IC,Parkinson2clc,0.3,34,34,1,0.9230769230769231,0.11393275001319125,0.008377875026781112,0.021184542012633756,0.1434984999941662
2026-07-13T23:37:26,KNN-Direct,Parkinson2clc,0.3,34,34,3,0.9230769230769231,0.13785537501098588,0.0,0.0416633749846369,0.17952133298967965
2026-07-13T23:37:26,KNN-Direct-Weighted,Parkinson2clc,0.3,34,34,1,0.9743589743589743,0.17079699999885634,0.0,0.05232524999883026,0.22312562499428168
2026-07-13T23:37:26,KNN-IC,Parkinson2clc,0.3,35,35,1,0.8717948717948718,0.1196558749943506,0.008553082996513695,0.0213882910029497,0.14960137498565018
2026-07-13T23:37:27,KNN-Direct,Parkinson2clc,0.3,35,35,1,0.8461538461538461,0.13833354099188,0.0,0.04193725000368431,0.18027320900000632
2026-07-13T23:37:27,KNN-Direct-Weighted,Parkinson2clc,0.3,35,35,5,0.8461538461538461,0.17004612501477823,0.0,0.05201858299551532,0.22206816700054333
2026-07-13T23:37:27,KNN-IC,Parkinson2clc,0.3,36,36,2,0.9230769230769231,0.11303208299796097,0.008599541994044557,0.021400249999715015,0.14303524998831563
2026-07-13T23:37:27,KNN-Direct,Parkinson2clc,0.3,36,36,3,0.9230769230769231,0.13794695801334456,0.0,0.0417284169816412,0.17967795801814646
2026-07-13T23:37:27,KNN-Direct-Weighted,Parkinson2clc,0.3,36,36,3,0.8974358974358975,0.17104679200565442,0.0,0.05160070801503025,0.22265045801759697
2026-07-13T23:37:27,KNN-IC,Parkinson2clc,0.3,37,37,1,0.8717948717948718,0.1138203330046963,0.008256792003521696,0.021275125007377937,0.14335516700521111
2026-07-13T23:37:28,KNN-Direct,Parkinson2clc,0.3,37,37,3,0.8205128205128205,0.1382454590057023,0.0,0.04178604198386893,0.18003395799314603
2026-07-13T23:37:28,KNN-Direct-Weighted,Parkinson2clc,0.3,37,37,3,0.7948717948717948,0.16970441601006314,0.0,0.05214212500141002,0.22184991699759848
2026-07-13T23:37:28,KNN-IC,Parkinson2clc,0.3,38,38,2,0.8205128205128205,0.11345366699970327,0.00861829100176692,0.02143295801943168,0.1435079159855377
2026-07-13T23:37:28,KNN-Direct,Parkinson2clc,0.3,38,38,5,0.8461538461538461,0.1377911250165198,0.0,0.04199650001828559,0.17979033300071023
2026-07-13T23:37:28,KNN-Direct-Weighted,Parkinson2clc,0.3,38,38,3,0.8461538461538461,0.17050308399484493,0.0,0.051922209007898346,0.22242791700409725
2026-07-13T23:37:29,KNN-IC,Parkinson2clc,0.3,39,39,4,0.8205128205128205,0.11617500000284053,0.010523166012717411,0.023255957989022136,0.14995766599895433
2026-07-13T23:37:29,KNN-Direct,Parkinson2clc,0.3,39,39,5,0.8974358974358975,0.13789020801777951,0.0,0.0417492080014199,0.17964179199771024
2026-07-13T23:37:29,KNN-Direct-Weighted,Parkinson2clc,0.3,39,39,3,0.8974358974358975,0.17060645800665952,0.0,0.05197579099331051,0.2225852920091711
2026-07-13T23:37:29,KNN-IC,Parkinson2clc,0.4,0,0,1,0.8974358974358975,0.11418645898811519,0.008637916995212436,0.02126641699578613,0.14409437499125488
2026-07-13T23:37:29,KNN-Direct,Parkinson2clc,0.4,0,0,1,0.8461538461538461,0.1378583749756217,0.0,0.04232879201299511,0.18018958298489451
2026-07-13T23:37:30,KNN-Direct-Weighted,Parkinson2clc,0.4,0,0,4,0.9230769230769231,0.17063804101780988,0.0,0.05171466700267047,0.2223555839736946
2026-07-13T23:37:30,KNN-IC,Parkinson2clc,0.4,1,1,1,0.8205128205128205,0.11517408298095688,0.008385000022826716,0.02139450001413934,0.14495712498319335
2026-07-13T23:37:30,KNN-Direct,Parkinson2clc,0.4,1,1,3,0.8205128205128205,0.13739554097992368,0.0,0.04178195900749415,0.1791800829814747
2026-07-13T23:37:30,KNN-Direct-Weighted,Parkinson2clc,0.4,1,1,5,0.8717948717948718,0.1700653329899069,0.0,0.05187500000465661,0.22194341701106168
2026-07-13T23:37:30,KNN-IC,Parkinson2clc,0.4,2,2,2,0.7692307692307693,0.11394779197871685,0.008908540999982506,0.021266499999910593,0.1441262500011362
2026-07-13T23:37:30,KNN-Direct,Parkinson2clc,0.4,2,2,3,0.7948717948717948,0.13729412498651072,0.0,0.042061665997607633,0.17935808299807832
2026-07-13T23:37:31,KNN-Direct-Weighted,Parkinson2clc,0.4,2,2,1,0.8717948717948718,0.17032029200345278,0.0,0.0518807909975294,0.222204125020653
2026-07-13T23:37:31,KNN-IC,Parkinson2clc,0.4,3,3,4,0.8717948717948718,0.11430645801010542,0.010323124995920807,0.021390374982729554,0.14602316700620577
2026-07-13T23:37:31,KNN-Direct,Parkinson2clc,0.4,3,3,4,0.8461538461538461,0.1381786660058424,0.0,0.041876332979882136,0.18005745799746364
2026-07-13T23:37:31,KNN-Direct-Weighted,Parkinson2clc,0.4,3,3,4,0.8461538461538461,0.17043425000156276,0.0,0.051798458996927366,0.2222360000014305
2026-07-13T23:37:31,KNN-IC,Parkinson2clc,0.4,4,4,3,0.7948717948717948,0.11461862499709241,0.009073958004591987,0.021226334007224068,0.1449221250077244
2026-07-13T23:37:32,KNN-Direct,Parkinson2clc,0.4,4,4,1,0.7692307692307693,0.1383205000020098,0.0,0.04172725000535138,0.18005041699507274
2026-07-13T23:37:32,KNN-Direct-Weighted,Parkinson2clc,0.4,4,4,4,0.7948717948717948,0.16998708300525323,0.0,0.052080333000048995,0.2220709589892067
2026-07-13T23:37:32,KNN-IC,Parkinson2clc,0.4,5,5,3,0.9230769230769231,0.11439800000516698,0.008790583000518382,0.02142924998770468,0.14462120798998512
2026-07-13T23:37:32,KNN-Direct,Parkinson2clc,0.4,5,5,4,0.8461538461538461,0.13785179200931452,0.0,0.04179062499315478,0.17964504202245735
2026-07-13T23:37:32,KNN-Direct-Weighted,Parkinson2clc,0.4,5,5,5,0.8974358974358975,0.17055462501593865,0.0,0.0519496250199154,0.22250758300651796
2026-07-13T23:37:32,KNN-IC,Parkinson2clc,0.4,6,6,2,0.8461538461538461,0.11477387501508929,0.00848554098047316,0.021688333014026284,0.14495054201688617
2026-07-13T23:37:33,KNN-Direct,Parkinson2clc,0.4,6,6,3,0.8717948717948718,0.13823887502076104,0.0,0.04196295901783742,0.18020458400133066
2026-07-13T23:37:33,KNN-Direct-Weighted,Parkinson2clc,0.4,6,6,5,0.8974358974358975,0.17110670800320804,0.0,0.05154412498814054,0.22265425001387484
2026-07-13T23:37:33,KNN-IC,Parkinson2clc,0.4,7,7,3,0.8974358974358975,0.11441204100265168,0.008858416986186057,0.02158041700022295,0.14485441698343493
2026-07-13T23:37:33,KNN-Direct,Parkinson2clc,0.4,7,7,3,0.9743589743589743,0.1381837090011686,0.0,0.04228824999881908,0.18047466699499637
2026-07-13T23:37:33,KNN-Direct-Weighted,Parkinson2clc,0.4,7,7,4,0.9487179487179487,0.17040016700048,0.0,0.05218949998379685,0.2225928750121966
2026-07-13T23:37:34,KNN-IC,Parkinson2clc,0.4,8,8,1,0.8205128205128205,0.11508416698779911,0.008600125001976267,0.021304958005202934,0.14499245802289806
2026-07-13T23:37:34,KNN-Direct,Parkinson2clc,0.4,8,8,3,0.8461538461538461,0.13754920801147819,0.0,0.04193058400414884,0.17948241598787718
2026-07-13T23:37:34,KNN-Direct-Weighted,Parkinson2clc,0.4,8,8,3,0.8461538461538461,0.17050233398913406,0.0,0.05172991700237617,0.2222353329998441
2026-07-13T23:37:34,KNN-IC,Parkinson2clc,0.4,9,9,1,0.8461538461538461,0.11463241602177732,0.008758541982388124,0.021144333004485816,0.14453845800017007
2026-07-13T23:37:34,KNN-Direct,Parkinson2clc,0.4,9,9,3,0.7692307692307693,0.14001295799971558,0.0,0.04279816598864272,0.18281370899057947
2026-07-13T23:37:35,KNN-Direct-Weighted,Parkinson2clc,0.4,9,9,1,0.7692307692307693,0.1718209590180777,0.0,0.05219124999712221,0.22401537498808466
2026-07-13T23:37:35,KNN-IC,Parkinson2clc,0.4,10,10,4,0.9743589743589743,0.11489500000607222,0.009965208999346942,0.021359375008614734,0.14622287498787045
2026-07-13T23:37:35,KNN-Direct,Parkinson2clc,0.4,10,10,3,0.9230769230769231,0.13800579201779328,0.0,0.041616166010499,0.1796246670128312
2026-07-13T23:37:35,KNN-Direct-Weighted,Parkinson2clc,0.4,10,10,3,0.9487179487179487,0.17049104100442491,0.0,0.05186370899900794,0.22235741702024825
2026-07-13T23:37:35,KNN-IC,Parkinson2clc,0.4,11,11,4,0.8974358974358975,0.11455258401110768,0.010000457987189293,0.02150620799511671,0.14606241599540226
2026-07-13T23:37:35,KNN-Direct,Parkinson2clc,0.4,11,11,5,0.9487179487179487,0.13730400000349618,0.0,0.04192575000342913,0.17923249999876134
2026-07-13T23:37:36,KNN-Direct-Weighted,Parkinson2clc,0.4,11,11,3,0.9743589743589743,0.17020916601177305,0.0,0.05191712500527501,0.2221294159826357
2026-07-13T23:37:36,KNN-IC,Parkinson2clc,0.4,12,12,1,0.8205128205128205,0.11456524999812245,0.008172625006409362,0.02137245799531229,0.14411320898216218
2026-07-13T23:37:36,KNN-Direct,Parkinson2clc,0.4,12,12,3,0.8461538461538461,0.13745462498627603,0.0,0.04220725002232939,0.1796644580026623
2026-07-13T23:37:36,KNN-Direct-Weighted,Parkinson2clc,0.4,12,12,4,0.9230769230769231,0.1708355830051005,0.0,0.05189612501999363,0.2227347499865573
2026-07-13T23:37:36,KNN-IC,Parkinson2clc,0.4,13,13,4,0.8461538461538461,0.11407087498810142,0.010478749987669289,0.021313250006642193,0.14586604200303555
2026-07-13T23:37:36,KNN-Direct,Parkinson2clc,0.4,13,13,4,0.8205128205128205,0.13750191597500816,0.0,0.04210266700829379,0.17960750000202097
2026-07-13T23:37:37,KNN-Direct-Weighted,Parkinson2clc,0.4,13,13,5,0.8717948717948718,0.17004695799550973,0.0,0.05178566701943055,0.22183591598877683
2026-07-13T23:37:37,KNN-IC,Parkinson2clc,0.4,14,14,5,0.8974358974358975,0.11461116600548849,0.01070300000719726,0.021088374982355163,0.1464060409925878
2026-07-13T23:37:37,KNN-Direct,Parkinson2clc,0.4,14,14,3,0.9230769230769231,0.1373142919910606,0.0,0.04179583300719969,0.17911266701412387
2026-07-13T23:37:37,KNN-Direct-Weighted,Parkinson2clc,0.4,14,14,1,0.8717948717948718,0.1706391669868026,0.0,0.05185833398718387,0.2225005000072997
2026-07-13T23:37:37,KNN-IC,Parkinson2clc,0.4,15,15,4,0.9230769230769231,0.11464129097294062,0.010332749981898814,0.02133316601975821,0.1463105829898268
2026-07-13T23:37:38,KNN-Direct,Parkinson2clc,0.4,15,15,5,0.9230769230769231,0.1379479169845581,0.0,0.04182808299083263,0.1797788339899853
2026-07-13T23:37:38,KNN-Direct-Weighted,Parkinson2clc,0.4,15,15,4,0.8974358974358975,0.17016316700028256,0.0,0.05196583399083465,0.22213191600167193
2026-07-13T23:37:38,KNN-IC,Parkinson2clc,0.4,16,16,3,0.7692307692307693,0.11459120901417919,0.008962249994510785,0.0212829590018373,0.14483966599800624
2026-07-13T23:37:38,KNN-Direct,Parkinson2clc,0.4,16,16,1,0.7948717948717948,0.13775216601788998,0.0,0.04172058400581591,0.17947562501649372
2026-07-13T23:37:38,KNN-Direct-Weighted,Parkinson2clc,0.4,16,16,1,0.8974358974358975,0.17047399998409674,0.0,0.05169950000708923,0.2221767079900019
2026-07-13T23:37:39,KNN-IC,Parkinson2clc,0.4,17,17,5,0.9230769230769231,0.11481354100396857,0.010328457981813699,0.021567000017967075,0.14671204099431634
2026-07-13T23:37:39,KNN-Direct,Parkinson2clc,0.4,17,17,5,0.8717948717948718,0.1377939999802038,0.0,0.04171766701620072,0.17951429198728874
2026-07-13T23:37:39,KNN-Direct-Weighted,Parkinson2clc,0.4,17,17,1,0.9230769230769231,0.17009966698242351,0.0,0.051591708994237706,0.22169479200965725
2026-07-13T23:37:39,KNN-IC,Parkinson2clc,0.4,18,18,1,0.9230769230769231,0.11450741699081846,0.00819529200089164,0.02156274998560548,0.14426883301348425
2026-07-13T23:37:39,KNN-Direct,Parkinson2clc,0.4,18,18,3,0.8205128205128205,0.13745783301419578,0.0,0.04190133299562149,0.17936200002441183
2026-07-13T23:37:39,KNN-Direct-Weighted,Parkinson2clc,0.4,18,18,3,0.8461538461538461,0.1701339999854099,0.0,0.05206216700025834,0.2221990420075599
2026-07-13T23:37:40,KNN-IC,Parkinson2clc,0.4,19,19,1,0.7435897435897436,0.11479933399823494,0.008304167015012354,0.02156887500314042,0.14467562499339692
2026-07-13T23:37:40,KNN-Direct,Parkinson2clc,0.4,19,19,4,0.8974358974358975,0.13744720802060328,0.0,0.0419476660026703,0.1793974580068607
2026-07-13T23:37:40,KNN-Direct-Weighted,Parkinson2clc,0.4,19,19,1,0.8205128205128205,0.1702252909890376,0.0,0.051963333011372015,0.22219179102103226
2026-07-13T23:37:40,KNN-IC,Parkinson2clc,0.4,20,20,2,0.9487179487179487,0.11458887500339188,0.008986667002318427,0.021334666991606355,0.14491362500120886
2026-07-13T23:37:40,KNN-Direct,Parkinson2clc,0.4,20,20,1,0.8717948717948718,0.13752645900240168,0.0,0.04199737499584444,0.1795262089872267
2026-07-13T23:37:41,KNN-Direct-Weighted,Parkinson2clc,0.4,20,20,5,0.8717948717948718,0.16978708299575374,0.0,0.051778291002847254,0.22156854200875387
2026-07-13T23:37:41,KNN-IC,Parkinson2clc,0.4,21,21,1,0.8974358974358975,0.11436300000059418,0.00859958300134167,0.02116579099674709,0.14413133298512548
2026-07-13T23:37:41,KNN-Direct,Parkinson2clc,0.4,21,21,3,0.8974358974358975,0.13773679098812863,0.0,0.041796584002440795,0.17953633301658556
2026-07-13T23:37:41,KNN-Direct-Weighted,Parkinson2clc,0.4,21,21,3,0.8974358974358975,0.17023191598127596,0.0,0.0517546670162119,0.22198979099630378
2026-07-13T23:37:41,KNN-IC,Parkinson2clc,0.4,22,22,5,0.8205128205128205,0.11427624998032115,0.010784334008349106,0.021470499981660396,0.14653433300554752
2026-07-13T23:37:41,KNN-Direct,Parkinson2clc,0.4,22,22,3,0.8461538461538461,0.13772516697645187,0.0,0.04207591601880267,0.17980395801714621
2026-07-13T23:37:42,KNN-Direct-Weighted,Parkinson2clc,0.4,22,22,1,0.8461538461538461,0.1703843750001397,0.0,0.05176720899180509,0.22215454201796092
2026-07-13T23:37:42,KNN-IC,Parkinson2clc,0.4,23,23,4,0.9230769230769231,0.11405599999125116,0.010775957984151319,0.021231666003586724,0.14606687499326654
2026-07-13T23:37:42,KNN-Direct,Parkinson2clc,0.4,23,23,1,0.8461538461538461,0.13788570801261812,0.0,0.041667040990432724,0.1795554999844171
2026-07-13T23:37:42,KNN-Direct-Weighted,Parkinson2clc,0.4,23,23,4,0.8974358974358975,0.17005470802541822,0.0,0.05193291697651148,0.22199062499566935
2026-07-13T23:37:42,KNN-IC,Parkinson2clc,0.4,24,24,5,0.8461538461538461,0.11380995798390359,0.01026895799441263,0.021111291978741065,0.14519362500868738
2026-07-13T23:37:43,KNN-Direct,Parkinson2clc,0.4,24,24,4,0.8717948717948718,0.13780733401654288,0.0,0.04177050001453608,0.1795802080014255
2026-07-13T23:37:43,KNN-Direct-Weighted,Parkinson2clc,0.4,24,24,1,0.8205128205128205,0.17047145799733698,0.0,0.0518605419783853,0.2223347919934895
2026-07-13T23:37:43,KNN-IC,Parkinson2clc,0.4,25,25,3,0.8461538461538461,0.11434741702396423,0.008812833024421707,0.021343582979170606,0.14450712499092333
2026-07-13T23:37:43,KNN-Direct,Parkinson2clc,0.4,25,25,1,0.8461538461538461,0.13802037501591258,0.0,0.04186766702332534,0.17989070797921158
2026-07-13T23:37:43,KNN-Direct-Weighted,Parkinson2clc,0.4,25,25,3,0.7948717948717948,0.1709315830084961,0.0,0.05187250001472421,0.22280704099102877
2026-07-13T23:37:43,KNN-IC,Parkinson2clc,0.4,26,26,3,0.8717948717948718,0.11520962498616427,0.008782667020568624,0.02153245799127035,0.1455278749926947
2026-07-13T23:37:44,KNN-Direct,Parkinson2clc,0.4,26,26,3,0.8717948717948718,0.13686458300799131,0.0,0.04127020901069045,0.17813762498553842
2026-07-13T23:37:44,KNN-Direct-Weighted,Parkinson2clc,0.4,26,26,3,0.9230769230769231,0.1705247909994796,0.0,0.05189041601261124,0.22241833302541636
2026-07-13T23:37:44,KNN-IC,Parkinson2clc,0.4,27,27,3,0.8461538461538461,0.11408274999121204,0.008674125012475997,0.021474665991263464,0.14423466700827703
2026-07-13T23:37:44,KNN-Direct,Parkinson2clc,0.4,27,27,1,0.8974358974358975,0.13755637500435114,0.0,0.04176779100089334,0.17932704198756255
2026-07-13T23:37:44,KNN-Direct-Weighted,Parkinson2clc,0.4,27,27,5,0.8461538461538461,0.1702579999982845,0.0,0.05192999998689629,0.22219083399977535
2026-07-13T23:37:45,KNN-IC,Parkinson2clc,0.4,28,28,1,0.7692307692307693,0.11537079201661982,0.00817795901093632,0.021387082990258932,0.14493879201472737
2026-07-13T23:37:45,KNN-Direct,Parkinson2clc,0.4,28,28,1,0.8717948717948718,0.13727854200988077,0.0,0.04166999997687526,0.1789517079887446
2026-07-13T23:37:45,KNN-Direct-Weighted,Parkinson2clc,0.4,28,28,1,0.8974358974358975,0.1705478329968173,0.0,0.05185408401302993,0.22240508400136605
2026-07-13T23:37:45,KNN-IC,Parkinson2clc,0.4,29,29,1,0.8205128205128205,0.11481366699445061,0.008240791008574888,0.02153054199879989,0.14458824999746867
2026-07-13T23:37:45,KNN-Direct,Parkinson2clc,0.4,29,29,5,0.7948717948717948,0.13759391699568368,0.0,0.041976415988756344,0.17957308300537989
2026-07-13T23:37:46,KNN-Direct-Weighted,Parkinson2clc,0.4,29,29,3,0.8205128205128205,0.1707087499962654,0.0,0.05204341598437168,0.22275512499618344
2026-07-13T23:37:46,KNN-IC,Parkinson2clc,0.4,30,30,1,0.8974358974358975,0.11469491699244827,0.008471000008285046,0.021430249995319173,0.14459949999582022
2026-07-13T23:37:46,KNN-Direct,Parkinson2clc,0.4,30,30,5,0.8717948717948718,0.138591083989013,0.0,0.04185995800071396,0.18045337501098402
2026-07-13T23:37:46,KNN-Direct-Weighted,Parkinson2clc,0.4,30,30,1,0.8717948717948718,0.16969083301955834,0.0,0.051765166979748756,0.2214589579962194
2026-07-13T23:37:46,KNN-IC,Parkinson2clc,0.4,31,31,1,0.8717948717948718,0.11439020800753497,0.008471582987112924,0.021413875016150996,0.14427883399184793
2026-07-13T23:37:46,KNN-Direct,Parkinson2clc,0.4,31,31,1,0.6666666666666666,0.13740570799564011,0.0,0.04183591599576175,0.17924416699679568
2026-07-13T23:37:47,KNN-Direct-Weighted,Parkinson2clc,0.4,31,31,5,0.8205128205128205,0.17068720801034942,0.0,0.051768000004813075,0.22245829200255685
2026-07-13T23:37:47,KNN-IC,Parkinson2clc,0.4,32,32,2,0.9487179487179487,0.11921254202025011,0.009133334009675309,0.021388833003584296,0.1497384999820497
2026-07-13T23:37:47,KNN-Direct,Parkinson2clc,0.4,32,32,4,0.8717948717948718,0.1398908749979455,0.0,0.043148166994797066,0.18304162501590326
2026-07-13T23:37:47,KNN-Direct-Weighted,Parkinson2clc,0.4,32,32,3,0.8717948717948718,0.17227558299782686,0.0,0.05253891600295901,0.2248176250141114
2026-07-13T23:37:47,KNN-IC,Parkinson2clc,0.4,33,33,1,0.7948717948717948,0.1150022079818882,0.008481666998704895,0.02142958401236683,0.14491691699367948
2026-07-13T23:37:48,KNN-Direct,Parkinson2clc,0.4,33,33,1,0.7435897435897436,0.13805095900897868,0.0,0.04203316700295545,0.18008700001519173
2026-07-13T23:37:48,KNN-Direct-Weighted,Parkinson2clc,0.4,33,33,5,0.8205128205128205,0.17171708401292562,0.0,0.05192687499220483,0.22364691700204276
2026-07-13T23:37:48,KNN-IC,Parkinson2clc,0.4,34,34,2,0.9487179487179487,0.11458933301037177,0.009171082987450063,0.021391417016275227,0.14515529200434685
2026-07-13T23:37:48,KNN-Direct,Parkinson2clc,0.4,34,34,3,0.9230769230769231,0.13782970802276395,0.0,0.04208270797971636,0.1799148749851156
2026-07-13T23:37:48,KNN-Direct-Weighted,Parkinson2clc,0.4,34,34,1,0.8974358974358975,0.16994037499534898,0.0,0.051960374985355884,0.22190375000354834
2026-07-13T23:37:48,KNN-IC,Parkinson2clc,0.4,35,35,1,0.8461538461538461,0.11409304200788029,0.008704000007128343,0.021449124993523583,0.14424904098268598
2026-07-13T23:37:49,KNN-Direct,Parkinson2clc,0.4,35,35,1,0.7948717948717948,0.13760716599063016,0.0,0.0419230000115931,0.17953316599596292
2026-07-13T23:37:49,KNN-Direct-Weighted,Parkinson2clc,0.4,35,35,3,0.8717948717948718,0.17123070798697881,0.0,0.05206591699970886,0.22329983301460743
2026-07-13T23:37:49,KNN-IC,Parkinson2clc,0.4,36,36,2,0.8461538461538461,0.11405470798490569,0.008671334013342857,0.021381250000558794,0.14411079199635424
2026-07-13T23:37:49,KNN-Direct,Parkinson2clc,0.4,36,36,1,0.9487179487179487,0.140371999994386,0.0,0.04236604101606645,0.1827408329991158
2026-07-13T23:37:49,KNN-Direct-Weighted,Parkinson2clc,0.4,36,36,1,0.9487179487179487,0.17207308299839497,0.0,0.05209091599681415,0.22416725000948645
2026-07-13T23:37:50,KNN-IC,Parkinson2clc,0.4,37,37,4,0.7692307692307693,0.11552299998584203,0.010495916998479515,0.021931208990281448,0.1479532920056954
2026-07-13T23:37:50,KNN-Direct,Parkinson2clc,0.4,37,37,5,0.8461538461538461,0.1380795000004582,0.0,0.042227291996823624,0.18030933299451135
2026-07-13T23:37:50,KNN-Direct-Weighted,Parkinson2clc,0.4,37,37,1,0.7948717948717948,0.17100216701510362,0.0,0.05203150000306778,0.22303674998693168
2026-07-13T23:37:50,KNN-IC,Parkinson2clc,0.4,38,38,2,0.8717948717948718,0.11474291601916775,0.009037999989232048,0.021394750016042963,0.14517866700771265
2026-07-13T23:37:50,KNN-Direct,Parkinson2clc,0.4,38,38,1,0.8205128205128205,0.13784241600660607,0.0,0.042034792015329,0.17988012498244643
2026-07-13T23:37:51,KNN-Direct-Weighted,Parkinson2clc,0.4,38,38,1,0.8461538461538461,0.17046279201167636,0.0,0.051891917013563216,0.2223577499971725
2026-07-13T23:37:51,KNN-IC,Parkinson2clc,0.4,39,39,3,0.8205128205128205,0.11533229201450013,0.009122417017351836,0.021340167004382238,0.1457981250132434
2026-07-13T23:37:51,KNN-Direct,Parkinson2clc,0.4,39,39,1,0.8461538461538461,0.13825675001135096,0.0,0.04180954201729037,0.180069124995498
2026-07-13T23:37:51,KNN-Direct-Weighted,Parkinson2clc,0.4,39,39,1,0.8717948717948718,0.17070729201077484,0.0,0.051821499975631014,0.22253199998522177
2026-07-13T23:37:51,KNN-IC,Parkinson2clc,0.5,0,0,3,0.8205128205128205,0.11501516599673778,0.00893608300248161,0.021746166981756687,0.1457010000012815
2026-07-13T23:37:51,KNN-Direct,Parkinson2clc,0.5,0,0,3,0.8717948717948718,0.1377072089817375,0.0,0.04173345799790695,0.17944325000280514
2026-07-13T23:37:52,KNN-Direct-Weighted,Parkinson2clc,0.5,0,0,5,0.8717948717948718,0.17058054197696038,0.0,0.05154933300218545,0.22213291699881665
2026-07-13T23:37:52,KNN-IC,Parkinson2clc,0.5,1,1,1,0.7948717948717948,0.11537016599322669,0.008169000007910654,0.021492416999535635,0.14503458299441263
2026-07-13T23:37:52,KNN-Direct,Parkinson2clc,0.5,1,1,5,0.8205128205128205,0.13764991599600762,0.0,0.041491541982395574,0.17914387499331497
2026-07-13T23:37:52,KNN-Direct-Weighted,Parkinson2clc,0.5,1,1,3,0.8974358974358975,0.17081312500522472,0.0,0.051862041000276804,0.22267970797838643
2026-07-13T23:37:52,KNN-IC,Parkinson2clc,0.5,2,2,2,0.717948717948718,0.11511445901123807,0.008743708982365206,0.02142325000022538,0.14528450000216253
2026-07-13T23:37:53,KNN-Direct,Parkinson2clc,0.5,2,2,1,0.8717948717948718,0.1452278750075493,0.0,0.04194316698703915,0.18717404201743193
2026-07-13T23:37:53,KNN-Direct-Weighted,Parkinson2clc,0.5,2,2,1,0.8461538461538461,0.17184187498060055,0.0,0.051935666997451335,0.22378112500882708
2026-07-13T23:37:53,KNN-IC,Parkinson2clc,0.5,3,3,2,0.8205128205128205,0.11754791700514033,0.008772958011832088,0.022275665978668258,0.1486001659941394
2026-07-13T23:37:53,KNN-Direct,Parkinson2clc,0.5,3,3,3,0.8205128205128205,0.142142500000773,0.0,0.0437474999926053,0.185892415989656
2026-07-13T23:37:53,KNN-Direct-Weighted,Parkinson2clc,0.5,3,3,3,0.8205128205128205,0.17060512499301694,0.0,0.05198583399760537,0.2225940000207629
2026-07-13T23:37:53,KNN-IC,Parkinson2clc,0.5,4,4,1,0.8205128205128205,0.11498883299645968,0.008516792004229501,0.021261833986500278,0.14477037501637824
2026-07-13T23:37:54,KNN-Direct,Parkinson2clc,0.5,4,4,4,0.8205128205128205,0.1379209579899907,0.0,0.042031124990899116,0.1799547089904081
2026-07-13T23:37:54,KNN-Direct-Weighted,Parkinson2clc,0.5,4,4,1,0.7948717948717948,0.17020279201096855,0.0,0.05194204198778607,0.22214795899344608
2026-07-13T23:37:54,KNN-IC,Parkinson2clc,0.5,5,5,2,0.8205128205128205,0.1148937499965541,0.008812334010144696,0.02135825000004843,0.14506733298185281
2026-07-13T23:37:54,KNN-Direct,Parkinson2clc,0.5,5,5,3,0.8461538461538461,0.1379587500123307,0.0,0.041866332991048694,0.17982783299521543
2026-07-13T23:37:54,KNN-Direct-Weighted,Parkinson2clc,0.5,5,5,5,0.8461538461538461,0.17030504200374708,0.0,0.05203875000006519,0.2223465419956483
2026-07-13T23:37:55,KNN-IC,Parkinson2clc,0.5,6,6,2,0.8974358974358975,0.11538924998603761,0.008750875014811754,0.02138695798930712,0.14552991700475104
2026-07-13T23:37:55,KNN-Direct,Parkinson2clc,0.5,6,6,5,0.8461538461538461,0.13891487498767674,0.0,0.042085375025635585,0.18100279101054184
2026-07-13T23:37:55,KNN-Direct-Weighted,Parkinson2clc,0.5,6,6,5,0.8717948717948718,0.1710044170031324,0.0,0.051758334011537954,0.22276579201570712
2026-07-13T23:37:55,KNN-IC,Parkinson2clc,0.5,7,7,1,0.8717948717948718,0.11589658301090822,0.008335124992299825,0.021518583002034575,0.14575316599803045
2026-07-13T23:37:55,KNN-Direct,Parkinson2clc,0.5,7,7,1,0.8974358974358975,0.138139582995791,0.0,0.04188291699392721,0.18002533301478252
2026-07-13T23:37:56,KNN-Direct-Weighted,Parkinson2clc,0.5,7,7,3,0.8461538461538461,0.1702621669974178,0.0,0.05182529200101271,0.22209091699915007
2026-07-13T23:37:56,KNN-IC,Parkinson2clc,0.5,8,8,1,0.7948717948717948,0.11537191597744823,0.009777125000255182,0.021729583007982,0.14688512502470985
2026-07-13T23:37:56,KNN-Direct,Parkinson2clc,0.5,8,8,1,0.7948717948717948,0.13881983398459852,0.0,0.04215495800599456,0.18097725001280196
2026-07-13T23:37:56,KNN-Direct-Weighted,Parkinson2clc,0.5,8,8,1,0.7948717948717948,0.17003095900872722,0.0,0.05196166702080518,0.22199558399734087
2026-07-13T23:37:56,KNN-IC,Parkinson2clc,0.5,9,9,2,0.8205128205128205,0.11655875001451932,0.008963583008153364,0.021553667000262067,0.1470791250176262
2026-07-13T23:37:56,KNN-Direct,Parkinson2clc,0.5,9,9,5,0.7948717948717948,0.13795612499234267,0.0,0.041686874988954514,0.17964562500128523
2026-07-13T23:37:57,KNN-Direct-Weighted,Parkinson2clc,0.5,9,9,5,0.7948717948717948,0.17050712497439235,0.0,0.05191745900083333,0.22242800000822172
2026-07-13T23:37:57,KNN-IC,Parkinson2clc,0.5,10,10,1,0.8461538461538461,0.115507583017461,0.008254915999714285,0.021230082988040522,0.14499558400711976
2026-07-13T23:37:57,KNN-Direct,Parkinson2clc,0.5,10,10,3,0.9487179487179487,0.13687391599523835,0.0,0.04159033400355838,0.17846687498968095
2026-07-13T23:37:57,KNN-Direct-Weighted,Parkinson2clc,0.5,10,10,5,0.9743589743589743,0.17037474998505786,0.0,0.05205812500207685,0.2224362090055365
2026-07-13T23:37:57,KNN-IC,Parkinson2clc,0.5,11,11,5,0.8974358974358975,0.11565066600451246,0.010506249993341044,0.02176212501944974,0.1479220829787664
2026-07-13T23:37:58,KNN-Direct,Parkinson2clc,0.5,11,11,5,0.9230769230769231,0.13729945800150745,0.0,0.04170337499817833,0.17900549998739734
2026-07-13T23:37:58,KNN-Direct-Weighted,Parkinson2clc,0.5,11,11,1,0.8974358974358975,0.1705420829821378,0.0,0.05186100001446903,0.22240637498907745
2026-07-13T23:37:58,KNN-IC,Parkinson2clc,0.5,12,12,1,0.8205128205128205,0.11822933299117722,0.00872916600201279,0.021363375009968877,0.14832508299150504
2026-07-13T23:37:58,KNN-Direct,Parkinson2clc,0.5,12,12,1,0.7948717948717948,0.13745966702117585,0.0,0.041852124995784834,0.1793146669806447
2026-07-13T23:37:58,KNN-Direct-Weighted,Parkinson2clc,0.5,12,12,1,0.8461538461538461,0.17060133401537314,0.0,0.05187329099862836,0.2224775830109138
2026-07-13T23:37:58,KNN-IC,Parkinson2clc,0.5,13,13,4,0.8205128205128205,0.11526637501083314,0.010572415980277583,0.021308958996087313,0.1471505840017926
2026-07-13T23:37:59,KNN-Direct,Parkinson2clc,0.5,13,13,1,0.7948717948717948,0.13725816700025462,0.0,0.04188495798734948,0.1791457920044195
2026-07-13T23:37:59,KNN-Direct-Weighted,Parkinson2clc,0.5,13,13,5,0.8974358974358975,0.1700560419994872,0.0,0.051869999995687976,0.2219294159731362
2026-07-13T23:37:59,KNN-IC,Parkinson2clc,0.5,14,14,3,0.8974358974358975,0.115525124972919,0.00902145798318088,0.021408333006547764,0.14595775000634603
2026-07-13T23:37:59,KNN-Direct,Parkinson2clc,0.5,14,14,4,0.8974358974358975,0.13764800000353716,0.0,0.041738291998626664,0.17938891699304804
2026-07-13T23:37:59,KNN-Direct-Weighted,Parkinson2clc,0.5,14,14,1,0.9230769230769231,0.17027408300782554,0.0,0.05222287500509992,0.22250029098358937
2026-07-13T23:38:00,KNN-IC,Parkinson2clc,0.5,15,15,5,0.8974358974358975,0.11514654199709184,0.01068079099059105,0.02185891699627973,0.14768945900141262
2026-07-13T23:38:00,KNN-Direct,Parkinson2clc,0.5,15,15,4,0.8974358974358975,0.13728691602591425,0.0,0.04170783297740854,0.1789973329869099
2026-07-13T23:38:00,KNN-Direct-Weighted,Parkinson2clc,0.5,15,15,5,0.9743589743589743,0.17020383299677633,0.0,0.051820333988871425,0.22202733301674016
2026-07-13T23:38:00,KNN-IC,Parkinson2clc,0.5,16,16,1,0.8717948717948718,0.11493924999376759,0.008208708022721112,0.02127016702434048,0.14442116700229235
2026-07-13T23:38:00,KNN-Direct,Parkinson2clc,0.5,16,16,5,0.8205128205128205,0.1372691249998752,0.0,0.04174316700664349,0.17901458300184458
2026-07-13T23:38:01,KNN-Direct-Weighted,Parkinson2clc,0.5,16,16,1,0.7692307692307693,0.1703784160199575,0.0,0.05195566697511822,0.22233745898120105
2026-07-13T23:38:01,KNN-IC,Parkinson2clc,0.5,17,17,2,0.8461538461538461,0.11517333300434984,0.008678916987264529,0.02161204200820066,0.14546708299894817
2026-07-13T23:38:01,KNN-Direct,Parkinson2clc,0.5,17,17,1,0.7692307692307693,0.137504957994679,0.0,0.04203062498709187,0.17953837499953806
2026-07-13T23:38:01,KNN-Direct-Weighted,Parkinson2clc,0.5,17,17,1,0.8717948717948718,0.1706132079998497,0.0,0.052286332997027785,0.22290254198014736
2026-07-13T23:38:01,KNN-IC,Parkinson2clc,0.5,18,18,2,0.8974358974358975,0.11632879200624302,0.009254957985831425,0.021363459003623575,0.14695041702361777
2026-07-13T23:38:01,KNN-Direct,Parkinson2clc,0.5,18,18,4,0.8974358974358975,0.13740141698508523,0.0,0.04193612499511801,0.17933995800558478
2026-07-13T23:38:02,KNN-Direct-Weighted,Parkinson2clc,0.5,18,18,4,0.8717948717948718,0.16983312502270564,0.0,0.05189012497430667,0.22172629099804908
2026-07-13T23:38:02,KNN-IC,Parkinson2clc,0.5,19,19,1,0.7948717948717948,0.1154105830064509,0.008488542021950707,0.02131241699680686,0.1452146669907961
2026-07-13T23:38:02,KNN-Direct,Parkinson2clc,0.5,19,19,4,0.8205128205128205,0.13724145898595452,0.0,0.04249391698976979,0.17973804200300947
2026-07-13T23:38:02,KNN-Direct-Weighted,Parkinson2clc,0.5,19,19,4,0.7692307692307693,0.1703240830102004,0.0,0.0519480420043692,0.22227495798142627
2026-07-13T23:38:02,KNN-IC,Parkinson2clc,0.5,20,20,3,0.8461538461538461,0.11559612498967908,0.009259958984330297,0.021113624999998137,0.14597279200097546
2026-07-13T23:38:02,KNN-Direct,Parkinson2clc,0.5,20,20,1,0.7948717948717948,0.13784795798710547,0.0,0.041833249997580424,0.1796838750015013
2026-07-13T23:38:03,KNN-Direct-Weighted,Parkinson2clc,0.5,20,20,5,0.8461538461538461,0.17132808300084434,0.0,0.05202475000987761,0.22335562499938533
2026-07-13T23:38:03,KNN-IC,Parkinson2clc,0.5,21,21,2,0.8461538461538461,0.11498716700589284,0.00901608300046064,0.02141412498895079,0.14542062502005138
2026-07-13T23:38:03,KNN-Direct,Parkinson2clc,0.5,21,21,1,0.7692307692307693,0.13708104100078344,0.0,0.04158633400220424,0.17866974999196827
2026-07-13T23:38:03,KNN-Direct-Weighted,Parkinson2clc,0.5,21,21,3,0.8974358974358975,0.17104562500026077,0.0,0.0520636249857489,0.2231122920056805
2026-07-13T23:38:03,KNN-IC,Parkinson2clc,0.5,22,22,1,0.7948717948717948,0.11485929100308567,0.008275792002677917,0.02145070899860002,0.14458866699715145
2026-07-13T23:38:04,KNN-Direct,Parkinson2clc,0.5,22,22,5,0.8461538461538461,0.13757779099978507,0.0,0.04173487500520423,0.1793155420164112
2026-07-13T23:38:04,KNN-Direct-Weighted,Parkinson2clc,0.5,22,22,5,0.8461538461538461,0.17030220798915252,0.0,0.052301833988167346,0.2226071250042878
2026-07-13T23:38:04,KNN-IC,Parkinson2clc,0.5,23,23,3,0.7435897435897436,0.11716316701495089,0.009292624978115782,0.0217470420175232,0.14820583298569545
2026-07-13T23:38:04,KNN-Direct,Parkinson2clc,0.5,23,23,5,0.8461538461538461,0.1375941669975873,0.0,0.04211829201085493,0.17971525000757538
2026-07-13T23:38:04,KNN-Direct-Weighted,Parkinson2clc,0.5,23,23,5,0.8205128205128205,0.17018504100269638,0.0,0.051992291992064565,0.2221801670093555
2026-07-13T23:38:05,KNN-IC,Parkinson2clc,0.5,24,24,3,0.9230769230769231,0.11500637498102151,0.009575875010341406,0.021152541012270376,0.1457380829961039
2026-07-13T23:38:05,KNN-Direct,Parkinson2clc,0.5,24,24,5,0.8461538461538461,0.13796879100846127,0.0,0.04225870899972506,0.1802301669958979
2026-07-13T23:38:05,KNN-Direct-Weighted,Parkinson2clc,0.5,24,24,3,0.8974358974358975,0.17046970798401162,0.0,0.05195174997788854,0.22242445801384747
2026-07-13T23:38:05,KNN-IC,Parkinson2clc,0.5,25,25,4,0.8461538461538461,0.1156301659939345,0.010688042006222531,0.021261208021314815,0.14758249997976236
2026-07-13T23:38:05,KNN-Direct,Parkinson2clc,0.5,25,25,1,0.8205128205128205,0.13807295900187455,0.0,0.041626457998063415,0.17970199999399483
2026-07-13T23:38:05,KNN-Direct-Weighted,Parkinson2clc,0.5,25,25,5,0.8461538461538461,0.17041208301088773,0.0,0.052167291985824704,0.22258245799457654
2026-07-13T23:38:06,KNN-IC,Parkinson2clc,0.5,26,26,5,0.8717948717948718,0.11486770797637291,0.0104945829953067,0.021534750005230308,0.14690020799753256
2026-07-13T23:38:06,KNN-Direct,Parkinson2clc,0.5,26,26,3,0.8461538461538461,0.13736416699248366,0.0,0.04174250000505708,0.17910983299952932
2026-07-13T23:38:06,KNN-Direct-Weighted,Parkinson2clc,0.5,26,26,5,0.8717948717948718,0.17033449999871664,0.0,0.05212041700724512,0.22245808300795034
2026-07-13T23:38:06,KNN-IC,Parkinson2clc,0.5,27,27,1,0.8461538461538461,0.11490170800243504,0.008320083987200633,0.021458832983626053,0.14468395899166353
2026-07-13T23:38:06,KNN-Direct,Parkinson2clc,0.5,27,27,5,0.9230769230769231,0.13749129200004973,0.0,0.041664249991299585,0.17915845799143426
2026-07-13T23:38:07,KNN-Direct-Weighted,Parkinson2clc,0.5,27,27,4,0.8974358974358975,0.1706479589920491,0.0,0.05181729199830443,0.2224682079977356
2026-07-13T23:38:07,KNN-IC,Parkinson2clc,0.5,28,28,1,0.8205128205128205,0.1146219999936875,0.008318333013448864,0.021558624983299524,0.14450225001201034
2026-07-13T23:38:07,KNN-Direct,Parkinson2clc,0.5,28,28,3,0.8461538461538461,0.13712129200575873,0.0,0.04182625000248663,0.17895016600959934
2026-07-13T23:38:07,KNN-Direct-Weighted,Parkinson2clc,0.5,28,28,3,0.8205128205128205,0.17022966599324718,0.0,0.051792082987958565,0.22202462502173148
2026-07-13T23:38:07,KNN-IC,Parkinson2clc,0.5,29,29,4,0.9487179487179487,0.11586150000221096,0.010840665985597298,0.021424791018944234,0.1481300829909742
2026-07-13T23:38:07,KNN-Direct,Parkinson2clc,0.5,29,29,3,0.7692307692307693,0.13718920800602064,0.0,0.04226508300052956,0.1794569580233656
2026-07-13T23:38:08,KNN-Direct-Weighted,Parkinson2clc,0.5,29,29,3,0.8461538461538461,0.17061425000429153,0.0,0.052036624983884394,0.22265395801514387
2026-07-13T23:38:08,KNN-IC,Parkinson2clc,0.5,30,30,1,0.8205128205128205,0.11497120797866955,0.009147083008429036,0.02146012498997152,0.14558166699134745
2026-07-13T23:38:08,KNN-Direct,Parkinson2clc,0.5,30,30,4,0.8461538461538461,0.1374562910059467,0.0,0.041862874990329146,0.1793220000108704
2026-07-13T23:38:08,KNN-Direct-Weighted,Parkinson2clc,0.5,30,30,3,0.8461538461538461,0.17023545899428427,0.0,0.05183500002021901,0.22207366698421538
2026-07-13T23:38:08,KNN-IC,Parkinson2clc,0.5,31,31,2,0.7435897435897436,0.11536662498838268,0.009029832988744602,0.021299000014550984,0.1456982079835143
2026-07-13T23:38:09,KNN-Direct,Parkinson2clc,0.5,31,31,3,0.7948717948717948,0.1378072919906117,0.0,0.041850792011246085,0.17966045800130814
2026-07-13T23:38:09,KNN-Direct-Weighted,Parkinson2clc,0.5,31,31,5,0.8461538461538461,0.17162374997860752,0.0,0.0519977500080131,0.22362454200629145
2026-07-13T23:38:09,KNN-IC,Parkinson2clc,0.5,32,32,3,0.7948717948717948,0.11521779099712148,0.008991624985355884,0.021469667000928894,0.1456822500040289
2026-07-13T23:38:09,KNN-Direct,Parkinson2clc,0.5,32,32,3,0.8717948717948718,0.13736445797258057,0.0,0.04170829098438844,0.17907537499559112
2026-07-13T23:38:09,KNN-Direct-Weighted,Parkinson2clc,0.5,32,32,3,0.8461538461538461,0.17054141699918546,0.0,0.05182620798586868,0.22237075000884943
2026-07-13T23:38:10,KNN-IC,Parkinson2clc,0.5,33,33,4,0.8205128205128205,0.11588999998639338,0.010364207992097363,0.02161220900597982,0.14786933400318958
2026-07-13T23:38:10,KNN-Direct,Parkinson2clc,0.5,33,33,1,0.8205128205128205,0.1380317080183886,0.0,0.042434333998244256,0.18046883298666216
2026-07-13T23:38:10,KNN-Direct-Weighted,Parkinson2clc,0.5,33,33,4,0.8205128205128205,0.17175683300592937,0.0,0.052036791981663555,0.2237967500113882
2026-07-13T23:38:10,KNN-IC,Parkinson2clc,0.5,34,34,5,0.9230769230769231,0.11640933298622258,0.010715708020143211,0.021359499980462715,0.14848766700015403
2026-07-13T23:38:10,KNN-Direct,Parkinson2clc,0.5,34,34,1,0.8717948717948718,0.13769741699798033,0.0,0.0417574169987347,0.1794574169907719
2026-07-13T23:38:10,KNN-Direct-Weighted,Parkinson2clc,0.5,34,34,4,0.8974358974358975,0.1701520420028828,0.0,0.05215845801285468,0.22231362501042895
2026-07-13T23:38:11,KNN-IC,Parkinson2clc,0.5,35,35,4,0.9230769230769231,0.11638279099133797,0.010478500014869496,0.02150845798314549,0.14837308300775476
2026-07-13T23:38:11,KNN-Direct,Parkinson2clc,0.5,35,35,4,0.8205128205128205,0.13766841698088683,0.0,0.04169991600792855,0.17937083300785162
2026-07-13T23:38:11,KNN-Direct-Weighted,Parkinson2clc,0.5,35,35,1,0.7692307692307693,0.17092470900388435,0.0,0.05205724999541417,0.22298537497408688
2026-07-13T23:38:11,KNN-IC,Parkinson2clc,0.5,36,36,2,0.717948717948718,0.11475391598651186,0.008643125009257346,0.02166475000558421,0.14506474998779595
2026-07-13T23:38:11,KNN-Direct,Parkinson2clc,0.5,36,36,1,0.8717948717948718,0.138045209023403,0.0,0.041905916994437575,0.17995399999199435
2026-07-13T23:38:12,KNN-Direct-Weighted,Parkinson2clc,0.5,36,36,1,0.8205128205128205,0.17340433300705627,0.0,0.05173766700318083,0.22514495899667963
2026-07-13T23:38:12,KNN-IC,Parkinson2clc,0.5,37,37,2,0.8205128205128205,0.1155119999893941,0.009217124985298142,0.021687875007046387,0.14642004197230563
2026-07-13T23:38:12,KNN-Direct,Parkinson2clc,0.5,37,37,5,0.8205128205128205,0.13854149999679066,0.0,0.0416450829943642,0.18018958400352858
2026-07-13T23:38:12,KNN-Direct-Weighted,Parkinson2clc,0.5,37,37,3,0.7692307692307693,0.17036620900034904,0.0,0.051719916984438896,0.22208933299407363
2026-07-13T23:38:12,KNN-IC,Parkinson2clc,0.5,38,38,4,0.7692307692307693,0.1144023330125492,0.010804791992995888,0.02134312500129454,0.1465535000024829
2026-07-13T23:38:12,KNN-Direct,Parkinson2clc,0.5,38,38,5,0.8717948717948718,0.13722304100519978,0.0,0.04197574997670017,0.17920120799681172
2026-07-13T23:38:13,KNN-Direct-Weighted,Parkinson2clc,0.5,38,38,3,0.8205128205128205,0.17053345800377429,0.0,0.05195324998931028,0.22248962501180358
2026-07-13T23:38:13,KNN-IC,Parkinson2clc,0.5,39,39,4,0.7692307692307693,0.1149113749852404,0.010432333016069606,0.021660625003278255,0.14700770899071358
2026-07-13T23:38:13,KNN-Direct,Parkinson2clc,0.5,39,39,3,0.7692307692307693,0.1374997500097379,0.0,0.04159779098699801,0.17909979200339876
2026-07-13T23:38:13,KNN-Direct-Weighted,Parkinson2clc,0.5,39,39,1,0.8461538461538461,0.1709616250009276,0.0,0.051976165996165946,0.22294174999115057
